Campaign_ID,Platform,Industry,Analytics_Maturity,Followers_K,Posting_Frequency_per_Week,Sentiment_Score,Engagement_Rate,Click_Through_Rate,Maturity_Multiplier,Conversion_Rate,ROI_Percent,Customer_Retention
CMP_0001,Facebook,Healthcare,Medium,78.90284614270664,16,0.6352562361359214,21.932452918805637,28.38283025451642,1.0,5.834990731740122,152.65032881443312,74.06253269784372
CMP_0002,TikTok,Travel,Low,63.80769996762426,5,0.7522970371152418,19.607300328519784,13.460391575054613,0.8,3.2494314511312306,123.75144980541482,84.9591549561735
CMP_0003,YouTube,BFSI,Medium,24.149018663783004,15,0.41085672076751967,54.04505204403332,13.795082378493863,1.0,3.28479737887025,220.37199814935764,95.0
CMP_0004,X/Twitter,Travel,Advanced,64.39844050526587,13,1.0,29.199997558030347,11.055016795659327,1.65,3.571471928086387,145.5638126573258,95.0
CMP_0005,Instagram,Healthcare,High,175.87205157523385,13,0.7946155957293065,22.33058918779824,14.813438552242784,1.35,4.222896028738347,134.3102057812615,95.0
CMP_0006,Instagram,Fashion,Medium,78.17177208547234,13,0.6548056294406924,23.032504772927968,22.72090728526376,1.0,4.577889528554586,144.68120984261427,95.0
CMP_0007,Instagram,FMCG,Medium,117.87087566172158,15,0.5430984311630578,23.325301754491612,20.076299739967396,1.0,4.2954209060346376,129.99417850275282,73.29359603546405
CMP_0008,TikTok,Fashion,Medium,45.16807012241526,14,0.6489554889227496,34.78856524703191,34.04087099922166,1.0,6.196144054548416,212.86170339441935,95.0
CMP_0009,LinkedIn,Travel,Advanced,99.47637626862446,8,0.23794350026711103,37.37186492399587,55.36579518778141,1.65,8.758033286869209,231.1411020504601,83.3602101808665
CMP_0010,YouTube,FMCG,High,68.26616600595598,11,0.9664175535819237,106.71592532349099,65.74816128888087,1.35,11.41090916905174,250.0,95.0
CMP_0011,Instagram,E-commerce,High,25.515125068056665,18,0.77577831468847,90.91073585689385,14.94732987809469,1.35,3.779297984259519,250.0,95.0
CMP_0012,TikTok,Technology,Medium,70.44391095223689,4,0.8428027193604511,16.721327787105174,29.344555233930112,1.0,5.823944062703898,149.1429022653483,95.0
CMP_0013,YouTube,Fashion,High,24.696034131078356,10,0.5561514327367385,79.13262712234327,26.67386975716666,1.35,5.735148563051409,250.0,95.0
CMP_0014,Instagram,Healthcare,Medium,32.90734154335629,1,0.4779421607840745,15.824400937485404,6.502997199629591,1.0,1.8351267722020335,101.13681196944472,63.74646150191213
CMP_0015,Instagram,E-commerce,High,63.52684966070067,5,0.4151385593299448,81.70599857199284,30.784176246610976,1.35,5.088605744430475,250.0,95.0
CMP_0016,Instagram,Technology,Medium,69.2550051302054,13,0.7127149217693614,5.192805410436957,19.33159110246088,1.0,4.532720968397158,75.76279449672866,65.80240884480354
CMP_0017,Facebook,Healthcare,Medium,21.086099416160064,1,0.44749058406874587,31.402400898454857,34.34933543799206,1.0,5.685016291758283,174.0778299254695,79.63989345263629
CMP_0018,X/Twitter,BFSI,High,126.87325765665153,8,0.5125286133630587,37.35472746800129,29.461984533990464,1.35,5.707448909130875,193.69251024150415,95.0
CMP_0019,Facebook,Healthcare,Advanced,86.28062131482088,3,0.65927982533505,75.08299876935926,80.946944295718,1.65,13.29322972448148,250.0,95.0
CMP_0020,Facebook,FMCG,Low,31.069208598343174,3,0.41813433663273225,5.556049358739173,13.49214098518472,0.8,2.8487739821766276,66.2704081681761,39.27827256233512
CMP_0021,LinkedIn,FMCG,High,15.957551458114887,7,0.7587893527966381,11.080921389081734,35.519844424089825,1.35,6.788633276613564,122.90113679437187,71.24555251662005
CMP_0022,Instagram,BFSI,Medium,48.622011346317436,4,0.5464517844220291,45.625253823106775,23.496361744205707,1.0,4.5412302923012735,196.89482501746565,95.0
CMP_0023,Facebook,E-commerce,Medium,38.215646611533415,3,0.24837613634080563,22.379702632460837,6.526268716749719,1.0,1.4943628808336105,86.75572047576902,68.88521010172423
CMP_0024,Facebook,Technology,Low,59.7705082148905,15,0.41599946424633444,28.692419233801417,17.37625786466822,0.8,3.239471350877882,171.48718453413483,76.24168884872427
CMP_0025,X/Twitter,Healthcare,Medium,40.83365713310455,8,0.8116370899940528,40.28247042192571,29.80226866454417,1.0,5.766010702394012,202.545882901989,95.0
CMP_0026,YouTube,FMCG,Medium,10.957613499393672,3,0.3625994973275235,29.609522632559706,36.894981384042914,1.0,6.271097834197607,188.5090713060053,82.38198904095124
CMP_0027,Instagram,E-commerce,Low,40.01772373528086,7,0.7288154974475238,42.03362056147895,3.879461858114006,0.8,1.9202269248625765,157.07627276702516,95.0
CMP_0028,X/Twitter,BFSI,Medium,42.75579369140969,18,0.5743346873389146,48.545854702406054,11.848582739094757,1.0,2.542268372903459,208.42118788359758,95.0
CMP_0029,X/Twitter,Travel,Advanced,90.64300957890177,11,0.5156599396541772,115.23791804565396,37.00748211390021,1.65,6.766723976489201,250.0,95.0
CMP_0030,Instagram,Fashion,Low,31.231907868249387,11,1.0,32.88498743325045,7.024818774959559,0.8,3.0488196880553957,173.9481722442925,95.0
CMP_0031,LinkedIn,Travel,High,209.12658504616334,17,0.29315675141406916,52.81560518796418,9.383237869205342,1.35,1.6677951204331996,218.17976191383272,95.0
CMP_0032,Instagram,Travel,Medium,11.830578282140102,6,0.40197327900204344,29.428861433247032,44.9030406592679,1.0,7.468086983964242,186.74942103162056,77.59373593101411
CMP_0033,Instagram,FMCG,High,155.8562328823132,8,0.5453139862033185,34.639459294802045,8.454937207227326,1.35,2.3155038281115816,164.09481655219028,92.7412838917389
CMP_0034,TikTok,BFSI,Medium,45.629061325639974,1,1.0,50.33209812175406,20.37322464538713,1.0,4.746748758124997,246.7313039447916,95.0
CMP_0035,TikTok,Healthcare,Low,108.59961885539491,10,0.5457797646415384,17.139479253014713,3.7288051046257684,0.8,2.5996054804576114,86.58696445951625,79.3691594383854
CMP_0036,YouTube,Travel,Low,58.197429508824904,19,0.6048505877110905,15.981399140294126,17.655151250655795,0.8,3.8556373099910823,99.34048088307834,72.55657869420067
CMP_0037,Facebook,Travel,Low,135.86264726566483,3,0.48283290008267293,8.375428305025572,8.105273815494908,0.8,2.11548105320281,49.584140681619616,60.57719330489045
CMP_0038,Instagram,Technology,Low,40.04926928814347,4,0.6217257157123808,49.58370832136463,30.088604244868556,0.8,6.487806680279674,237.20775930682652,95.0
CMP_0039,LinkedIn,FMCG,High,22.67138734076851,11,0.4952365186727077,11.931873625108146,22.276293876614773,1.35,4.468892803537747,99.36683671278492,72.07876948164716
CMP_0040,Facebook,FMCG,Advanced,170.1028798879761,15,0.6890645208866512,115.24269805168699,28.56469506768637,1.65,6.025456625996383,250.0,95.0
CMP_0041,Instagram,Healthcare,High,49.859820763538075,1,0.704837465297099,77.99637150330389,17.187328345301335,1.35,4.016063789775746,250.0,95.0
CMP_0042,X/Twitter,Fashion,High,65.18613408445611,9,0.5031789674343602,57.14866529523735,26.182906014825747,1.35,4.953064146243675,250.0,95.0
CMP_0043,Instagram,E-commerce,Low,146.61374318957505,11,0.32490399238078727,28.424147787414533,18.4355188913104,0.8,3.158545199307334,143.4797216287343,74.12709031932413
CMP_0044,TikTok,Technology,Medium,23.91332431534024,19,0.5687139694051472,30.712455948709064,53.868034404362064,1.0,9.418298926974318,229.40084645063783,95.0
CMP_0045,Facebook,FMCG,Medium,87.91695872537237,13,0.8304243496842334,40.503053498183476,20.24012398965186,1.0,5.251475410005614,214.82274774103928,95.0
CMP_0046,LinkedIn,Technology,Medium,34.058655323954994,16,0.3846678812441581,37.60699059712631,16.439791464970895,1.0,3.7084355194574306,179.9530680902183,81.69500233477241
CMP_0047,Facebook,FMCG,Medium,49.119913138509425,4,0.6167833780786602,21.727556251925893,21.02699787716926,1.0,4.02443998283648,131.2371903671407,78.73721288469869
CMP_0048,X/Twitter,Technology,Medium,57.84824825145187,1,0.3088519139974765,17.574706511021102,29.584161668718846,1.0,5.6131964351170955,131.86906300377618,55.5882766174157
CMP_0049,X/Twitter,BFSI,Medium,16.44172828360306,20,0.342038533104695,27.410345846646585,25.872414403331792,1.0,4.316726406923322,163.00690187491418,65.86969029578734
CMP_0050,Instagram,Travel,Medium,29.28075182197994,13,0.8100731670605976,44.28653135466679,15.735194263074844,1.0,3.698238575758037,199.9429788992428,95.0
CMP_0051,TikTok,FMCG,High,160.91210977877157,1,0.688306676529856,57.38370818900381,46.90075553002544,1.35,8.145967735838408,250.0,95.0
CMP_0052,YouTube,Technology,High,110.93594369070594,5,0.6197930260076856,43.35273309892407,12.254967113522454,1.35,2.9605232205984606,179.53208381199482,95.0
CMP_0053,TikTok,E-commerce,Medium,51.92956795884069,5,0.08564534713834099,14.321392983616981,9.80975602771033,1.0,1.0629516782910269,78.72183725818549,38.49332010970191
CMP_0054,TikTok,BFSI,Advanced,66.32048121855664,14,0.4394214257126588,39.9773188871566,38.51719278149312,1.65,6.672245023920712,212.18265281488803,95.0
CMP_0055,X/Twitter,BFSI,Advanced,43.14670251503614,14,0.6713628006173376,46.428763070579855,49.60575955255314,1.65,8.705721849766231,250.0,95.0
CMP_0056,TikTok,E-commerce,Medium,161.62303975444746,8,0.26018689841580206,11.888053228567001,3.411131991160584,1.0,1.0444990672939682,65.55025654912255,49.83907979852431
CMP_0057,Instagram,Technology,Medium,46.51235321105742,4,0.4792229220182807,24.45142097935352,4.44073596667023,1.0,1.4757564105683763,118.21888039254412,71.23859326626388
CMP_0058,Instagram,Healthcare,Medium,65.7246255717839,7,0.7033307421238635,30.634887463719178,51.874020956752624,1.0,8.710166131872757,203.14180644769593,94.29085818712144
CMP_0059,Instagram,E-commerce,Advanced,136.56819887527365,20,0.2477722573310388,49.67079977185075,48.49000393437627,1.65,7.690917788710197,250.0,95.0
CMP_0060,Facebook,Technology,Advanced,29.315102066421208,19,0.21414268261024066,72.23300987402088,58.21859923937539,1.65,9.527196471285569,250.0,95.0
CMP_0061,Facebook,E-commerce,Low,190.00138233806402,15,0.2512343767511641,7.804834760765493,15.147117218337195,0.8,2.4714847050845914,73.8180235286114,41.849527066783224
CMP_0062,Facebook,E-commerce,Medium,16.04874851199435,4,0.6168970423223025,30.02950484356548,27.838665545156523,1.0,5.146406351056764,157.62214157228104,89.4231731893689
CMP_0063,YouTube,FMCG,High,201.08218496039493,19,0.4386002942274196,45.65153577799178,27.93958497708833,1.35,5.20460203631542,211.96446157914914,95.0
CMP_0064,Facebook,Technology,Medium,40.522587424722765,9,0.725609725292623,42.41182453788461,3.463460064788737,1.0,1.599331320114704,179.09976489111182,95.0
CMP_0065,Facebook,Healthcare,Low,44.96304821842666,13,0.574203677046923,14.900357985785156,9.943977854030246,0.8,2.7077475955401167,96.48630581119328,70.38342666629774
CMP_0066,X/Twitter,Travel,Advanced,12.037079729211897,14,0.9261069435876081,51.12596953738309,62.094425310941645,1.65,11.299590115154547,250.0,95.0
CMP_0067,Instagram,FMCG,High,37.94600491992325,14,0.3025035603501304,46.8603014633254,23.320265075611033,1.35,3.9341398980325666,220.33295604728553,95.0
CMP_0068,YouTube,E-commerce,High,23.76359470095054,10,0.6163543410218197,24.224105576894598,16.864566587336412,1.35,3.5374690743439023,150.61863384035414,87.06688559793056
CMP_0069,Instagram,Travel,Advanced,33.57839733374664,16,0.39095704579506996,55.20408664209451,15.196918339346636,1.65,2.638737376527199,205.48954142414283,95.0
CMP_0070,TikTok,Fashion,High,48.91828374772853,5,0.6700425398296059,18.84602517344559,10.692529650350172,1.35,2.7066460159794112,103.98805682503867,87.10045064185975
CMP_0071,YouTube,Travel,Medium,117.47591003411992,6,0.573987178054568,49.28950883809073,19.478626758415157,1.0,4.240098739476362,215.30600731170244,95.0
CMP_0072,Instagram,E-commerce,High,64.46243693916628,2,0.35137583523592386,11.038196258406716,26.905488853326386,1.35,4.990051642041715,118.3272838247452,32.500843471422414
CMP_0073,Instagram,E-commerce,Low,69.83541942769659,13,0.5185695507782249,36.64895456337592,21.377682362034,0.8,4.262893284458637,179.29789735852094,89.54513559963787
CMP_0074,YouTube,Technology,High,22.727701000845933,13,0.5646196154423302,52.16117515582114,37.81228954622396,1.35,6.616746784935116,250.0,95.0
CMP_0075,YouTube,Technology,Low,26.988118897316475,19,0.43013821200095503,12.940010080699057,8.013185340941725,0.8,2.084247178483161,82.37062707280366,60.02146335658604
CMP_0076,YouTube,FMCG,High,230.20725564847285,18,0.6954334429967155,21.01854411786535,19.324429124327576,1.35,4.044034179107137,153.5829562375559,81.30021889442325
CMP_0077,YouTube,Healthcare,Medium,30.3209584732591,19,0.34378147666621706,30.971040902422235,23.22707900928461,1.0,4.225353245050452,169.35251146345695,77.86858612111045
CMP_0078,Instagram,FMCG,Low,205.4015002781724,1,0.9682017116066327,25.578238778410768,19.672292952653102,0.8,5.111305995097229,155.13430338523258,95.0
CMP_0079,Facebook,BFSI,Low,44.950012584998355,8,0.740738060125371,20.69788842157083,10.939772564459384,0.8,2.9828356216964096,115.10917287427651,92.04677400121253
CMP_0080,Instagram,E-commerce,Low,54.69817521036977,16,0.6197482238107073,39.127312170583956,28.3742558284658,0.8,5.25470607072064,205.16983426349051,95.0
CMP_0081,TikTok,Travel,High,128.54668274218346,2,1.0,33.12276605697737,31.610974803463506,1.35,6.5953309140817336,188.96075775257324,95.0
CMP_0082,LinkedIn,Fashion,High,151.03535334909716,8,0.48814023482134705,55.089582599490925,28.081478406274073,1.35,5.514755562864432,250.0,95.0
CMP_0083,Facebook,E-commerce,Medium,49.96635863991927,6,0.6722751735128695,68.42951598101897,13.681970020393784,1.0,4.234244835653395,250.0,95.0
CMP_0084,Instagram,E-commerce,Low,40.021049659413,16,0.5945360927198416,17.660754538796525,2.9150049874748127,0.8,1.8208980046760737,86.18684907164234,70.76423476189268
CMP_0085,Facebook,FMCG,Low,52.20945669302441,11,0.709493538641565,33.86573254409977,14.434733413306466,0.8,3.562249949868687,141.19841559550005,95.0
CMP_0086,Facebook,Fashion,Low,71.5478189447736,17,0.8492232734133243,23.38990178845151,34.58625996846036,0.8,6.594332551697188,151.932058989221,90.00795614423687
CMP_0087,YouTube,Fashion,Low,111.3906006876451,19,0.659789875322272,16.78471141867447,9.483984515342259,0.8,2.4315070797690734,97.23704875877678,75.03929615608916
CMP_0088,LinkedIn,Fashion,Advanced,54.78321696013654,11,0.75835877906304,19.110087660264814,25.577333620627844,1.65,5.481613802710514,152.17981832780802,86.93319636001478
CMP_0089,TikTok,FMCG,Medium,89.57793588911575,8,0.4399224019306818,30.88211110047603,32.179498823274905,1.0,5.472829094262301,173.82815006234105,78.8396199000378
CMP_0090,X/Twitter,E-commerce,Medium,202.4894498770441,4,0.5087699703072404,45.308250441978224,4.7884811890704055,1.0,2.042557347143794,189.0954599261546,95.0
CMP_0091,Instagram,FMCG,Low,74.07274788402553,11,0.8776575120526009,6.971843844630726,22.304183658520294,0.8,4.91994895026347,96.28820702140041,67.00286006518648
CMP_0092,YouTube,Technology,Medium,70.05791693940374,8,0.6693712327058721,31.91634372020373,20.015842629897133,1.0,4.768038057439776,162.45437268330974,95.0
CMP_0093,YouTube,Technology,Medium,16.197733741102763,9,0.5996647289716378,9.803905409957345,38.20889555512517,1.0,6.807865453749656,118.32260217689478,63.35243507670341
CMP_0094,X/Twitter,FMCG,High,6.655315711968203,2,0.3993511581832966,30.695412575456245,23.30685767859935,1.35,4.634763167166269,158.43764184935162,83.69789116135203
CMP_0095,YouTube,Fashion,Medium,74.49265898260245,16,0.7433192162269902,35.465246844590496,38.56996383479657,1.0,7.474038385946815,217.4915720536307,95.0
CMP_0096,X/Twitter,E-commerce,Low,50.609566261471485,6,0.393706915803508,12.154702914976827,24.030722130223932,0.8,4.646102191498308,111.76130067227201,43.52468441999486
CMP_0097,X/Twitter,FMCG,Medium,36.16796781323956,19,0.33476682884597886,38.96628305083952,25.8698699640228,1.0,4.529454095406818,188.77060601131666,87.87179220151285
CMP_0098,Facebook,FMCG,Medium,66.34206518507767,8,0.5729851502057843,11.388747605757565,9.139069299658386,1.0,2.317563834024291,79.9114282883111,70.09297151156832
CMP_0099,Instagram,FMCG,Medium,52.022536381306956,14,0.06950149329426192,7.809918501534209,30.64999609946522,1.0,5.039353903963439,114.9524112404886,30.966831393623444
CMP_0100,Instagram,BFSI,Advanced,134.58879949774865,16,0.672215343274195,15.11131602688192,26.22298916552455,1.65,5.815821447133395,153.91955917857325,81.72641225387949
CMP_0101,Instagram,Technology,High,58.4919240691011,12,0.6253888393482577,25.342984740260338,7.373776229906905,1.35,2.056132438174867,113.32430898446205,85.81441074333068
CMP_0102,LinkedIn,Travel,High,30.03794368362319,5,0.47943928827282795,34.16754349823577,14.84906374033713,1.35,3.3289028648585797,160.56836110863406,86.55814309077722
CMP_0103,Facebook,Fashion,Medium,120.55824427932295,19,0.49757636828799257,25.501074509548197,22.435049038828815,1.0,4.501936300313843,138.3128389830769,81.03929468917461
CMP_0104,X/Twitter,Healthcare,Medium,45.89219871766128,18,0.5261358190667204,50.31476892282915,27.301357148003163,1.0,5.197216001509154,233.16547376756662,95.0
CMP_0105,TikTok,Travel,Medium,83.19850233948847,9,0.3921745244905317,52.0237765406672,7.285075411255076,1.0,2.3064487518182784,200.5996310557661,95.0
CMP_0106,Instagram,Fashion,High,37.265629288639786,2,0.5869145254996586,60.60638210860158,3.492393897085165,1.35,1.4650227722803746,221.54608321840664,95.0
CMP_0107,Facebook,Healthcare,High,32.46421778607807,20,0.5001210139228971,31.015913878003875,36.79213043500973,1.35,6.848571180033226,204.01362731940955,88.20243581676237
CMP_0108,YouTube,BFSI,Low,58.401091758164334,12,0.5724904306577238,31.529523190641356,25.387495127155507,0.8,4.86989799011322,160.93054225201908,95.0
CMP_0109,Instagram,FMCG,Medium,55.16137139999491,2,0.5188542829330514,18.917978226622218,17.833754342373567,1.0,3.0118327139494503,110.7703995095091,63.68415545967092
CMP_0110,Instagram,BFSI,Medium,80.14693426005188,10,0.47949426550175056,7.3016610790624945,16.70270169486266,1.0,3.0271581938817254,75.4610399458917,57.168200259609804
CMP_0111,Facebook,BFSI,Advanced,44.03934317021805,1,0.6056985246875275,53.84681023432024,54.2329258921809,1.65,9.357042921725546,250.0,95.0
CMP_0112,Instagram,Travel,High,12.56496233003728,4,0.7062199685863022,40.3847280325343,35.54865979232287,1.35,7.1107635890768,240.4876581845213,95.0
CMP_0113,TikTok,E-commerce,Medium,38.6204099970752,12,0.4450461709664206,28.075611015424737,13.840606227146363,1.0,3.290579177516027,137.20887537330725,72.7192248924922
CMP_0114,YouTube,Travel,Low,103.03356137160493,9,0.6290946583291915,20.080043098908916,19.599111914981282,0.8,4.229667451668885,137.08802229945115,80.50325546787352
CMP_0115,LinkedIn,Technology,High,43.0386752815525,4,0.6538860821028382,37.63733650121752,4.722579806986025,1.35,1.672570318749162,169.70483035680323,95.0
CMP_0116,TikTok,Healthcare,Low,44.830704725115105,9,0.29322722359868597,16.485002994131545,25.477985705321274,0.8,4.04587273950001,109.54599057637462,47.5464719626946
CMP_0117,YouTube,FMCG,Medium,120.19329093860466,6,0.7453088950307617,23.043009474880158,9.312609786732626,1.0,3.0136690148796976,126.7655206067519,80.92100611401122
CMP_0118,Instagram,Travel,Low,30.88965747079376,1,0.9612902661311978,56.12161052615679,11.863424818284464,0.8,3.68941211060412,234.02315038376153,95.0
CMP_0119,TikTok,Healthcare,High,15.891071734919713,10,0.5323808618674909,23.271817200670387,27.83874047747373,1.35,5.531861092277832,143.23560892291567,76.60961137689921
CMP_0120,X/Twitter,Fashion,Medium,48.01411856262904,14,0.5157609182591941,32.440918313268234,17.72578230541307,1.0,3.590767207106486,166.20361940770707,86.55862898134323
CMP_0121,YouTube,Healthcare,Medium,37.06454450702292,18,0.5073987676809305,28.326017072784122,12.511058976141765,1.0,2.6598697259705584,148.1236061825865,82.72371715097873
CMP_0122,TikTok,Fashion,Advanced,25.20400585029236,6,0.6741211509598608,104.19405481619832,28.37868197177677,1.65,5.52158355848315,250.0,95.0
CMP_0123,Facebook,Travel,Medium,47.45098271035753,18,0.6521557053299624,29.577025634783396,36.84966854401064,1.0,6.8278362416583205,187.76870426687856,92.59902518956008
CMP_0124,Instagram,Technology,Medium,80.8992471265014,20,0.23186775953582922,43.490521479481316,14.752005300558288,1.0,2.0667148449250208,157.8024868441228,91.00708083037894
CMP_0125,Instagram,Travel,Medium,54.19394307112849,16,0.37677578995316763,34.89637971546451,16.68415600761069,1.0,3.39805420483541,175.98570609434682,82.91967446083164
CMP_0126,Facebook,Fashion,Low,69.79656930128318,15,0.6514625699783375,21.059226325388025,29.131296763936433,0.8,5.715429963203279,160.41645700882316,81.29661631512073
CMP_0127,YouTube,Healthcare,High,232.92724668329754,16,0.5209956460240498,85.88855035535309,27.81564399396508,1.35,5.498447387442774,250.0,95.0
CMP_0128,TikTok,Healthcare,Low,41.50014456621959,8,0.31677641855209604,25.21042263692717,7.224049939757534,0.8,1.951161426795672,110.6213929351878,57.65517828176394
CMP_0129,Instagram,Fashion,Medium,68.2159840562846,13,0.8500520360576034,9.414122305026329,8.052225017844115,1.0,3.23292576949511,83.05993639110964,69.4324257057918
CMP_0130,X/Twitter,BFSI,High,36.32947189960817,11,0.390057346748404,5.095084710322166,53.20929893856035,1.35,9.265719027833152,159.3938836703113,43.51374951977458
CMP_0131,Facebook,Technology,High,27.74102110610457,7,0.5571554243993856,82.67258677399678,63.443933743559164,1.35,10.672768698732265,250.0,95.0
CMP_0132,Instagram,E-commerce,High,34.194809969192235,17,0.5156961777142054,41.899747290775814,16.121979497753994,1.35,2.7876946227478854,180.66931551582203,95.0
CMP_0133,Instagram,FMCG,Medium,37.22546770575133,18,0.33426223980988845,35.56601783034601,14.8068752805271,1.0,3.147928233844709,165.9923016913448,85.47731772893094
CMP_0134,Facebook,Healthcare,Low,72.79014957687306,19,0.5869909604360867,42.569481877613235,27.64466944902846,0.8,5.680424371408895,229.60039426221056,95.0
CMP_0135,TikTok,FMCG,High,357.5447858385296,13,0.628421376699884,72.48987495032367,37.69485042734221,1.35,6.842846953583827,250.0,95.0
CMP_0136,Facebook,E-commerce,Medium,30.789239159032054,15,0.4564647936340745,45.84323394937285,16.91607934138653,1.0,2.8453772162090747,190.31749425439716,95.0
CMP_0137,X/Twitter,Travel,High,39.12257849751434,1,0.4827615471221036,34.88489445743623,19.415823956506763,1.35,4.189853007515251,186.6765931588672,91.7228080090264
CMP_0138,YouTube,FMCG,High,51.90948815288995,16,0.6700974085525228,37.49840892189867,33.37838646832724,1.35,6.341149256091063,220.22465056900757,95.0
CMP_0139,Facebook,E-commerce,High,74.93634943195144,5,0.15497234686732242,14.977956794274707,36.284932449425085,1.35,5.352305962931937,118.71870960785871,47.60794092204756
CMP_0140,TikTok,Fashion,Medium,67.41318686275295,3,0.38099922995045576,20.099549436702116,39.643375657134406,1.0,6.6282661703067465,140.3759921759366,58.403174289679754
CMP_0141,TikTok,BFSI,Medium,152.51708692161552,10,0.5926869793064758,4.129718260971347,6.758766937850657,1.0,2.1977154574858835,58.68972322973145,54.590303239271236
CMP_0142,Facebook,Healthcare,High,7.837236959204438,19,0.44465225460197677,41.48871870105535,32.51587753006471,1.35,5.686347595682454,219.169408051317,95.0
CMP_0143,X/Twitter,E-commerce,Medium,8.088603566268773,5,0.44179418725410974,15.50776053876618,5.072621879006238,1.0,1.4928295114763603,87.58800955126884,60.76679324135534
CMP_0144,Facebook,FMCG,Low,36.719114935272344,7,0.7303385092392338,45.65799573186801,23.74969523946281,0.8,5.308714599334793,214.55786510193056,95.0
CMP_0145,Facebook,Healthcare,Advanced,131.34666820547142,14,0.42333514359246366,25.664994050497235,52.544095910047886,1.65,9.133628325949052,225.23783632809403,70.12730889065361
CMP_0146,Instagram,BFSI,Advanced,15.603286649347867,3,0.9458356502227647,76.29708004108596,52.81909204610158,1.65,10.394114525687352,250.0,95.0
CMP_0147,LinkedIn,Fashion,Medium,4.922881984644113,13,0.19909748442221642,29.696890225819608,24.85760068750474,1.0,3.8257173326171916,141.36142837377298,71.22984119178025
CMP_0148,X/Twitter,Travel,Low,86.22356575842458,13,0.10760123335558636,19.21823914256228,13.242283786302703,0.8,2.5917792768851746,120.30093928456233,45.204403210691794
CMP_0149,Instagram,Healthcare,Medium,66.34880691723235,10,0.7257872322936916,17.49730266522922,4.3043246653983145,1.0,2.1544925275834497,94.14282486841292,76.51892073292714
CMP_0150,Facebook,Travel,High,22.824471563530032,2,0.35320974812559036,21.179651611562466,3.0309161613421076,1.35,1.2737939233242306,115.81016121308777,60.4001549061401
CMP_0151,TikTok,E-commerce,Advanced,24.817978236381357,6,0.3565852823454012,53.02320954053037,26.906082470334628,1.65,5.11340554135051,237.93492313711474,95.0
CMP_0152,Instagram,BFSI,Medium,25.133585621653907,8,0.7469466547639354,23.433772062200593,7.783996976433128,1.0,2.646524323510477,118.17852222308542,86.57698735187387
CMP_0153,Instagram,FMCG,Low,59.64606951871138,4,0.45054628279070785,17.118943294983332,11.358861984524527,0.8,2.550165263194543,106.92514709030445,70.69060743638804
CMP_0154,X/Twitter,BFSI,Advanced,33.080625512263126,12,0.7320723631729811,107.98421049596547,37.53460534270852,1.65,6.8862758853536645,250.0,95.0
CMP_0155,TikTok,BFSI,Medium,81.0649864766068,15,0.4279176114495082,40.8335754885288,18.613991980237152,1.0,3.2979454189560062,203.6816059921747,95.0
CMP_0156,Instagram,Technology,Medium,5.563896486166387,8,0.6225063043950613,14.424786974869129,41.16981451073922,1.0,7.230758476692202,158.66353393872768,72.07689122020132
CMP_0157,LinkedIn,BFSI,Advanced,27.509145359040385,7,0.4477155040043158,57.856394376934745,10.68873646738409,1.65,2.5500714593051965,234.88082047619082,95.0
CMP_0158,YouTube,BFSI,Low,22.179242551493214,14,0.36603754482594236,36.08469481764083,26.479238299125633,0.8,4.688873307744028,178.73110448134167,87.9978789730768
CMP_0159,Instagram,Healthcare,High,44.47500995128715,19,0.8961202715069436,41.33761079037229,4.439161508811459,1.35,2.343929455857373,181.72883458320965,95.0
CMP_0160,YouTube,FMCG,Low,35.50103294881906,14,0.7732924352719652,31.621867298325206,13.178938268707602,0.8,3.4184983091576515,162.14355880860228,95.0
CMP_0161,Facebook,Healthcare,Medium,103.36589002189328,13,0.40467186341346406,21.76000237922435,14.350151147319991,1.0,3.277269519503452,118.79310203240858,61.58390227473403
CMP_0162,LinkedIn,Healthcare,High,12.336108136011648,1,0.5143207926371123,51.152358504735815,21.122852137557828,1.35,4.249759709328494,210.69840364121316,95.0
CMP_0163,LinkedIn,E-commerce,Medium,56.621749663216995,19,0.8452453596822561,19.972714605304382,16.94834281026907,1.0,3.93472780112959,118.1055874917869,88.4186804751808
CMP_0164,X/Twitter,Healthcare,Advanced,85.34220699002074,1,0.35235591698769564,99.7804502702391,4.801718793533103,1.65,1.4423398941803032,250.0,95.0
CMP_0165,Instagram,Technology,High,241.12559751419786,4,0.36317839263838236,71.57477177233423,14.856092008177287,1.35,3.1395994790896298,250.0,95.0
CMP_0166,YouTube,Technology,Medium,37.136013873757385,10,0.644012094460971,39.17946498422265,47.31875707832843,1.0,8.672771101893407,249.0705209319034,95.0
CMP_0167,Facebook,Travel,Medium,70.77932112146489,3,1.0,42.81838859049355,32.95411314281534,1.0,7.112358859218079,243.27248191401694,95.0
CMP_0168,Instagram,E-commerce,Medium,12.895904314431519,20,0.5607663103734899,10.656387224082177,27.00672464049339,1.0,5.427101354820357,134.58254851038137,60.8853037051756
CMP_0169,Instagram,Travel,Medium,8.056144051697924,9,0.7599622478973402,34.171804768146735,12.104974814591952,1.0,3.4874885784929903,168.6297782831556,95.0
CMP_0170,X/Twitter,Travel,Low,107.32048026536562,3,0.3465120487422665,25.94465007288578,33.19328754263769,0.8,5.069953078018531,144.14238655786525,57.182757494114554
CMP_0171,LinkedIn,Fashion,Medium,54.35582399682305,6,0.6222104683872067,39.11538425728347,18.883989246165477,1.0,4.028934569378546,176.684455389755,95.0
CMP_0172,Instagram,FMCG,Medium,140.16357758069418,6,0.47807705762968783,10.639067037888465,2.54323258563984,1.0,1.3105614686404385,65.3522288351625,48.099123833124075
CMP_0173,X/Twitter,FMCG,High,18.197381112734753,12,0.9233250157253499,55.920618625460705,7.992010175978063,1.35,3.6572605643312266,242.3561096571087,95.0
CMP_0174,Instagram,Healthcare,High,82.75808485195037,1,0.8697381688826262,73.16153651351085,24.363491778111776,1.35,5.621813250019876,250.0,95.0
CMP_0175,LinkedIn,Healthcare,High,243.48474031184656,16,1.0,103.22900188613461,77.49296450655179,1.35,13.53666052827382,250.0,95.0
CMP_0176,Instagram,Fashion,Low,76.38333061399425,5,0.41090214218051846,35.52843833750223,14.669450842519545,0.8,2.7904106324103517,148.93388684002616,82.21299806833713
CMP_0177,LinkedIn,Healthcare,Medium,68.11961503305712,9,0.5570996414811884,27.706903041619753,4.772908272409395,1.0,1.7269228726131534,117.50056765654496,84.02133500734024
CMP_0178,Facebook,FMCG,High,54.97314892498524,10,0.6250333848648123,55.561911233237446,21.52980300655565,1.35,4.237019097511821,225.15881408787436,95.0
CMP_0179,TikTok,Travel,Medium,15.538096301264865,13,0.4187064727348232,37.78804992710911,4.40447103881128,1.0,2.1520366716547628,157.99220457257533,91.97058926904046
CMP_0180,Instagram,BFSI,Low,161.49244293056367,15,0.5762110399454806,28.183455164595376,6.137125536772884,0.8,2.068410359175213,133.8206090385627,81.6018538015601
CMP_0181,Facebook,Technology,High,33.492243950378956,12,0.731795607271766,23.583974881762714,24.580137811315574,1.35,5.398060915753838,158.48771874059628,89.78289524428953
CMP_0182,Instagram,BFSI,High,81.74352527456755,5,0.4399268944536992,9.769811388532691,14.206879900030989,1.35,3.165486631711885,82.5439629145338,48.46679273765106
CMP_0183,TikTok,BFSI,Medium,15.635946944206959,5,0.4093287080525949,19.25122710852898,35.152008692984154,1.0,6.2886590271690785,153.49933944740488,66.44634610336826
CMP_0184,TikTok,FMCG,Low,21.25160173710931,18,0.3960688447660267,36.475762013804356,8.965672531854052,0.8,1.8727947578858624,138.8369783628316,83.16913239184714
CMP_0185,Facebook,BFSI,High,172.09900460406536,12,0.2812595230422625,15.551664150426973,37.4716766732766,1.35,6.584452623761933,138.81064800950597,40.53232463670011
CMP_0186,LinkedIn,Fashion,High,41.35354580552201,3,0.7207985734187036,58.805168224256796,28.74636288625213,1.35,5.727055388691788,250.0,95.0
CMP_0187,YouTube,E-commerce,High,174.62143127020462,7,0.408866332854824,49.52858374395029,46.70506101675795,1.35,8.273612164668396,250.0,95.0
CMP_0188,X/Twitter,Healthcare,High,51.28588010911936,17,0.38777853395024,8.32400400571399,45.88982738890944,1.35,7.786731756595721,151.88305674947713,42.61115717690414
CMP_0189,X/Twitter,E-commerce,High,12.509417762557321,19,0.6558139670345482,5.853473725968286,50.45850976204862,1.35,9.406598435900278,137.354110717332,61.48455415899337
CMP_0190,Instagram,Travel,Medium,111.45869566303062,18,0.5478767958234972,21.699419063424134,11.492162130494965,1.0,2.9996732223780627,129.5380566447703,73.45204077289848
CMP_0191,Instagram,Technology,Low,34.05872177129243,1,0.44489392797898064,36.84697825051493,6.532890014718011,0.8,1.8140379499749784,154.06317761445692,91.84271248824982
CMP_0192,TikTok,Healthcare,High,95.48327018327063,5,0.7121257621332004,65.58593899895607,4.594554255089592,1.35,2.535122025736226,249.21251251670034,95.0
CMP_0193,TikTok,BFSI,High,55.71050306353464,2,0.4369107736185154,29.52696418697635,53.06350401244481,1.35,8.874840238661037,240.60098350100574,80.60429487130305
CMP_0194,LinkedIn,Technology,High,15.887067566090172,1,0.11460980554121103,30.47872082150684,17.355403768352186,1.35,2.993955307875108,142.51002989051483,57.814553716144594
CMP_0195,Facebook,Healthcare,Low,62.26726288342875,7,0.8166485977411627,21.18667731584751,16.895202841198078,0.8,4.194353321327191,139.17139730472203,84.83501817814667
CMP_0196,Facebook,Fashion,Low,316.39091243552133,11,0.38436090486213437,32.46981657906873,24.024897383362003,0.8,4.210175555229953,175.61579637730696,80.63725458199289
CMP_0197,YouTube,Fashion,Advanced,80.99514112900752,11,0.40620916422894704,20.41889114165852,41.57408006010482,1.65,7.000703527039138,158.31625222450143,61.61880996982841
CMP_0198,TikTok,Fashion,High,52.142783781477995,18,0.40709258780439017,22.9666392143448,10.038899111304838,1.35,2.533515255435312,98.37276269311359,54.80457049441509
CMP_0199,TikTok,Fashion,Advanced,129.05965270747006,17,0.5619201977949273,97.34501021164749,65.46335037594599,1.65,11.234992784832711,250.0,95.0
CMP_0200,YouTube,BFSI,High,64.62069866010461,2,0.4951515085587419,86.29155599945098,18.981653591648325,1.35,3.231660354697675,250.0,95.0
CMP_0201,LinkedIn,E-commerce,High,64.5620892114494,7,0.7476142225716278,36.11050215861476,42.92695452950584,1.35,8.030366006368556,233.65861585023987,95.0
CMP_0202,Instagram,Healthcare,High,22.79861668188689,7,0.8790227985020809,39.87646618565493,14.694383806465135,1.35,3.938832933889189,192.30652509237373,95.0
CMP_0203,Instagram,BFSI,Advanced,65.8301816352197,10,0.41416010431352657,33.38205270287516,25.57147527272993,1.65,4.252998020115623,176.47224251543923,89.19176350756464
CMP_0204,TikTok,Fashion,High,125.0051245839494,3,0.36239851519364996,54.97483579680423,33.29392766579116,1.35,5.976139515552501,250.0,95.0
CMP_0205,LinkedIn,Travel,High,27.970497062254616,12,0.445619725062566,24.279004766215188,20.92020538261156,1.35,4.571262932458701,139.42681579258894,73.45694911330982
CMP_0206,Instagram,E-commerce,Low,170.64692519539378,3,0.6378116582640607,24.139412363504004,44.08345543776324,0.8,8.332643300411945,192.13274127952917,87.50719771496388
CMP_0207,Instagram,Travel,Medium,50.7359727490882,11,0.5267278062474837,16.21460773804021,28.862478505648816,1.0,4.682840957270788,131.11864708898162,63.96331320822256
CMP_0208,LinkedIn,Technology,High,26.8370767105942,12,0.4499176979580972,84.18568079671007,25.750730149557597,1.35,4.859803784338895,250.0,95.0
CMP_0209,Instagram,Travel,Medium,121.28045354464614,4,0.29059790064670743,28.517227881194785,23.377715706228393,1.0,3.8929540397901428,168.66096698008639,68.19326377832478
CMP_0210,Instagram,Technology,Medium,43.40456463117892,16,0.10822223143991361,73.50297102361098,9.50321510379212,1.0,1.5074576991584046,250.0,95.0
CMP_0211,X/Twitter,Technology,Medium,100.24447074365911,20,0.34905648895971353,62.751052206518374,18.580667622942084,1.0,3.4095590686396804,243.53036580279175,95.0
CMP_0212,LinkedIn,Fashion,Medium,43.23252451176359,18,0.802883172370376,63.035724121047885,31.012910242449987,1.0,5.590910601748468,250.0,95.0
CMP_0213,LinkedIn,Technology,Medium,52.04657991285891,4,0.6371985546128394,9.177125597523101,8.672273809901567,1.0,1.957773223116972,43.69664963764204,60.16029847834938
CMP_0214,Instagram,FMCG,Medium,81.03232616117695,6,0.5116929354524934,56.0194770641114,37.964749618307785,1.0,6.743656937971771,250.0,95.0
CMP_0215,YouTube,Healthcare,Advanced,68.90423527897565,15,0.695957359311478,39.34230780502757,51.82374066254145,1.65,9.239786503151704,248.94663928848985,95.0
CMP_0216,Instagram,Healthcare,Medium,11.06265006719956,1,0.2924233689797162,13.641122645821035,7.658195521392753,1.0,1.6749639484283017,78.5863662376897,46.86630340781348
CMP_0217,Facebook,Fashion,Low,22.264756625973167,3,0.5613500103111244,12.997288067257973,7.286037238217275,0.8,1.8409889795835266,72.93121840267149,54.070275551787034
CMP_0218,YouTube,FMCG,Low,114.83863715354974,5,0.1927289751320116,46.795754253906544,7.0832353532965655,0.8,1.3267242544736364,181.82408989958577,87.50064442418744
CMP_0219,LinkedIn,Travel,High,49.121200755034856,17,0.6192038052306965,97.72934252806452,10.906028200024032,1.35,3.307943875971209,250.0,95.0
CMP_0220,YouTube,BFSI,Medium,35.90996946016931,14,0.6019030352090857,15.492733800467239,5.478758178389498,1.0,1.9167910257133796,104.92722404234124,73.27154628498563
CMP_0221,LinkedIn,Travel,High,18.414544011518746,9,0.6066616446377298,63.064772964747384,12.68576572023076,1.35,2.965349317497043,245.02064345229508,95.0
CMP_0222,X/Twitter,BFSI,High,23.016490631088704,3,0.7835236159919652,75.36010555556356,56.77515422340316,1.35,10.454381119977443,250.0,95.0
CMP_0223,Instagram,Technology,High,10.832610637204398,13,0.7051989593058221,89.6752961155898,29.06425895258686,1.35,5.705312929799701,250.0,95.0
CMP_0224,Facebook,E-commerce,Medium,50.34883218930931,3,0.30821727693454715,26.347344704347698,7.155247690068481,1.0,1.8938516351275974,118.46521284257896,56.041722467043584
CMP_0225,Facebook,BFSI,High,33.826683223883364,11,0.7865438655761356,14.401331846828358,36.16747280274529,1.35,7.1364645751807965,144.50435966095796,79.49316398616075
CMP_0226,Instagram,E-commerce,Medium,25.19711962052547,2,0.5081096103362673,39.65379157889438,39.99723452995977,1.0,6.7481301706186,234.20471505562932,93.73229125285434
CMP_0227,TikTok,Healthcare,Advanced,51.70224787962653,15,0.15597029966709314,9.763182529605523,27.36314638350492,1.65,4.119200971005389,83.12869099370323,33.54878341562318
CMP_0228,Facebook,E-commerce,High,73.05236441002806,13,0.5282488750184391,40.460108868180704,35.01926530818501,1.35,5.905014584553914,209.64432355556704,95.0
CMP_0229,TikTok,Healthcare,Medium,291.35962991145846,19,0.6794258180284691,38.89474932087968,46.87964317101984,1.0,8.087890384465435,230.8969314328584,95.0
CMP_0230,LinkedIn,FMCG,Medium,16.289052629419874,16,0.3472296206108096,36.407852972413394,4.639213458864525,1.0,1.6384386087996279,140.44171322356095,89.1784351882967
CMP_0231,YouTube,FMCG,Low,138.03466298129615,18,0.8165716487414378,8.734081033444678,17.8490305601371,0.8,4.063957991707293,100.25356678000567,68.93523760027453
CMP_0232,X/Twitter,Fashion,High,118.92359746553514,7,0.3653366881695675,41.10939734030419,25.78351022679999,1.35,4.556827092565532,192.30905350274725,89.94125347808294
CMP_0233,X/Twitter,Fashion,Medium,29.274762844620582,13,0.4537816084928759,21.850354351340464,18.80505218047742,1.0,3.643824254965421,130.33047557006645,73.12400899651276
CMP_0234,X/Twitter,Technology,High,64.23760350920963,4,0.41705249285178625,25.020341338720648,38.98563602429481,1.35,6.795829268577088,167.2842559695688,70.75287313305259
CMP_0235,Instagram,BFSI,Medium,37.85993392484462,9,0.20820475776403824,18.345053168986997,18.27069535500744,1.0,2.7475945060910076,110.86100338889753,56.743496587037384
CMP_0236,YouTube,Technology,High,63.3421423992709,10,0.3513732754559271,49.01079937262723,14.074871255086588,1.35,3.1433927586885084,225.54989817056693,95.0
CMP_0237,Facebook,Healthcare,High,182.60124945623704,9,0.4076281390988461,82.61093332520245,26.805189884023093,1.35,5.266895065780633,250.0,95.0
CMP_0238,Instagram,Technology,High,88.63129270941822,7,0.5239788932307233,20.15530417483001,39.195132634427395,1.35,6.91968157150761,163.40246654217418,76.32798657988913
CMP_0239,LinkedIn,E-commerce,High,82.013732158147,15,0.0,63.029785870599525,30.974348288562247,1.35,3.974266268354562,244.908596391193,95.0
CMP_0240,Instagram,Healthcare,Low,38.696631079465774,8,0.6933106046719657,59.63117296304045,18.56226030632845,0.8,3.9132319569193075,250.0,95.0
CMP_0241,TikTok,Fashion,Low,16.65573610755651,19,0.6913347402887343,11.219601893058353,5.536506072984647,0.8,2.3079485671486806,80.49116477924119,71.44697009734988
CMP_0242,TikTok,FMCG,High,46.211349660646356,11,0.7862922491178755,14.652559647435098,13.53213836270847,1.35,3.714049180450184,112.45503512798827,85.12051621734918
CMP_0243,TikTok,Fashion,Medium,143.3496174798877,5,0.2516689043833198,35.71601949338784,55.99968989416849,1.0,8.82595800295445,242.55124850523214,77.34634008362066
CMP_0244,Facebook,BFSI,Medium,16.09109019435095,2,0.49143371603363284,32.96978233339064,2.3418899435474447,1.0,1.664335908799628,137.070906414317,93.90409928895016
CMP_0245,Instagram,Healthcare,Low,23.47482347721605,10,0.7382871240299118,15.787476553302271,11.654835331507687,0.8,3.0519276906673034,114.19501027448547,72.1383177365882
CMP_0246,TikTok,Healthcare,Medium,60.40151509540999,16,0.7554991635455752,5.225672328626038,25.788695609493146,1.0,5.674534702159729,114.63431632076653,63.91654425049323
CMP_0247,Facebook,E-commerce,Low,24.835551928316914,13,0.8457861876505112,51.5560847055936,15.650728880942985,0.8,4.0394830402869335,226.54061594946484,95.0
CMP_0248,TikTok,BFSI,Advanced,28.96190200438369,8,0.570542994914442,74.19458790275544,38.04435224487105,1.65,6.677913331404918,250.0,95.0
CMP_0249,TikTok,FMCG,Medium,38.90493610047938,9,0.5388052284116294,9.526877797741847,19.610848297169927,1.0,4.238708575908645,99.72387593182918,58.609939095288695
CMP_0250,TikTok,Travel,High,18.311075157439575,11,0.238410160762332,47.27570106648045,17.610750678954886,1.35,3.105258936204922,204.70667432025323,90.77773568116477
CMP_0251,Facebook,Healthcare,Low,25.04570918970365,11,0.762975238845462,20.879151884263937,14.104670856819906,0.8,3.90789349687531,134.69833706436373,88.97936338384145
CMP_0252,Facebook,Healthcare,High,95.84596134356302,16,0.4579371516667906,42.44020605044958,30.099145044728846,1.35,6.302657536434997,208.65128394229743,95.0
CMP_0253,TikTok,E-commerce,Medium,19.184529023936605,10,0.5567881954871461,61.50962778692619,2.5004620095797323,1.0,1.2084491034247278,212.31330105075267,95.0
CMP_0254,Facebook,Technology,Advanced,15.206185599454113,12,0.5434341145512045,9.122450986967396,52.85433940795382,1.65,9.279256551094198,168.2907185175073,52.71863456197055
CMP_0255,Instagram,FMCG,Advanced,32.98259560311708,6,0.07106954831358259,75.26382173680304,68.8018917609054,1.65,10.653808277561815,250.0,95.0
CMP_0256,X/Twitter,Fashion,Medium,98.05851595008643,12,0.38770885519265674,11.87826575672355,24.84392217354621,1.0,5.035799147020117,113.8922617300166,50.28028811092041
CMP_0257,TikTok,BFSI,Advanced,46.640187099545415,10,0.6407762740073027,43.50123267159947,12.997010148214628,1.65,3.5053483821432945,210.1868511665749,95.0
CMP_0258,LinkedIn,Healthcare,Advanced,37.65008219988907,18,0.5402828394437633,30.419984694750116,18.261154708574825,1.65,4.291620211340616,170.87931531920037,88.74510555320707
CMP_0259,X/Twitter,Healthcare,High,56.57046549706552,18,0.6423645951672821,29.73726835737169,10.154716214951607,1.35,2.512802635977768,150.16371897927817,93.65641481645362
CMP_0260,Instagram,Fashion,High,13.510052712612541,4,0.706769388062277,25.773544698980466,6.2807287358664325,1.35,1.9729739076082404,118.78972527985201,95.0
CMP_0261,LinkedIn,FMCG,Medium,81.10661493974109,9,0.3853518838715039,8.382508269239073,19.452930515640446,1.0,3.40645654395159,89.87979439118027,45.48715355709291
CMP_0262,TikTok,Technology,High,74.19880353090545,7,0.446969943870839,30.18779142052258,12.760957159227736,1.35,2.761029996697535,142.88138018828684,72.57189716025968
CMP_0263,Instagram,Healthcare,Low,39.35225268906936,18,0.52176257488824,26.712445126774238,7.318377362945527,0.8,2.556035989932266,120.45827185981295,79.51486787318758
CMP_0264,X/Twitter,FMCG,Low,122.08769639786765,8,0.7046997909088315,34.30337564560579,27.078092569850956,0.8,5.952837353992926,196.31362649653,95.0
CMP_0265,TikTok,Fashion,Advanced,22.153668883093097,11,0.503180392358608,24.963480486496458,67.20127193872014,1.65,10.977104569703593,226.03953928462244,71.33171936323399
CMP_0266,YouTube,E-commerce,Medium,134.60266206331812,7,0.19378056919422482,14.495110363825468,54.685931313360975,1.0,8.556782504487805,165.423597873223,42.1795959650415
CMP_0267,LinkedIn,Technology,High,61.78094184239975,9,0.5103634257309866,6.928924736791175,9.421173934049053,1.35,2.082314624562463,75.6816998266882,49.88868532562303
CMP_0268,YouTube,BFSI,High,41.71070990559505,8,0.696654090193741,50.82727359441111,14.724770119747914,1.35,3.623854040555949,214.8604729121042,95.0
CMP_0269,Facebook,Healthcare,Advanced,53.73696315876663,3,0.8214038845636595,41.915189568207005,24.163984778069892,1.65,5.207942435316817,208.94151122995478,95.0
CMP_0270,Facebook,FMCG,Advanced,50.10837638110652,17,0.6061151848369547,9.860164852929294,46.76639757805036,1.65,8.16859151914172,148.79125810142028,65.90522882952662
CMP_0271,YouTube,E-commerce,Medium,144.9264419976454,2,0.2528006647201404,8.235218313208657,36.9911350225116,1.0,6.408489665818326,126.63439806182285,36.791074241555954
CMP_0272,YouTube,BFSI,Low,23.072852224372426,15,0.46872585083698726,12.857336999868789,16.73746216827515,0.8,3.5695138247185474,104.38647524151216,61.71003324109335
CMP_0273,TikTok,Travel,Medium,29.665495675798887,14,0.6450114295378405,23.769256291720293,11.042579837637655,1.0,2.5541809065313026,128.82777506658186,91.3330197917898
CMP_0274,TikTok,FMCG,Low,125.0911052289882,18,0.7232429516314542,21.035346466936723,8.324444194440753,0.8,1.9300920698008475,93.4354668248491,86.85366862814263
CMP_0275,X/Twitter,FMCG,Low,33.905323988136495,16,0.651414317444629,50.607602937639705,8.632271092431504,0.8,2.7632612422506835,206.4241775966293,95.0
CMP_0276,X/Twitter,BFSI,Medium,112.21609835152094,20,0.49967849239036155,5.266297514379945,16.925739376473445,1.0,3.6079297809994784,77.97291874553275,53.62288439758768
CMP_0277,YouTube,E-commerce,High,212.62898371360532,4,0.7217030859551201,66.1485962289882,27.668805187408537,1.35,5.707022134254587,250.0,95.0
CMP_0278,LinkedIn,Travel,High,39.589501855175406,20,0.42188698148098686,9.39604523882459,56.125306416594505,1.35,9.332320876587724,145.7480352977101,50.27355191887798
CMP_0279,YouTube,Fashion,Medium,94.16888896424729,6,0.5869298145748276,57.05813299471725,20.400517669962895,1.0,3.8905695818771546,231.5822874968687,95.0
CMP_0280,YouTube,E-commerce,High,21.694226710211627,6,0.6999574823813469,51.10231059004562,22.810047251939046,1.35,4.764489894720594,223.96251491511214,95.0
CMP_0281,TikTok,Technology,Medium,99.8617409126799,11,0.6653271614007134,16.53521869575598,21.988640952065282,1.0,4.537256472188077,121.66042689904756,75.21435652411628
CMP_0282,Facebook,Healthcare,Low,64.04200452569536,17,0.6698189940450547,7.692567414855059,11.379654266383827,0.8,3.022206511605498,80.62579964917393,61.366137921361016
CMP_0283,Facebook,BFSI,High,79.71283591610042,3,0.6647829987240343,40.49839965899144,18.470052560905554,1.35,4.363581752666374,198.79910353073745,95.0
CMP_0284,Instagram,Fashion,High,32.57490942080318,13,0.34026122454147395,39.92149779821758,22.539138589976137,1.35,3.888174678104278,174.0417035206489,93.68150956644118
CMP_0285,X/Twitter,Travel,High,14.456342817354384,3,0.553511509985965,17.391601461689365,45.71242097390332,1.35,7.617086899922878,154.54604288627098,60.36196855323308
CMP_0286,Instagram,BFSI,Low,81.66305135706948,16,0.36815090831158837,24.137258109243223,13.079189118426374,0.8,3.1001643747868792,120.91873450114531,77.80808390300467
CMP_0287,X/Twitter,BFSI,High,10.477996406365232,15,0.4921051887294002,30.07323070877885,27.08517362311708,1.35,4.8279079126609625,166.96497571598192,83.92463573782815
CMP_0288,X/Twitter,E-commerce,High,42.35640317333997,11,0.31623201399916157,43.86759390071533,33.563658911493256,1.35,6.012743031193084,224.0364313083402,88.27587543455375
CMP_0289,Facebook,Healthcare,High,115.92523913711264,18,0.6189933412703909,29.5810291104889,51.02170976013865,1.35,9.536681656503927,233.1740731940119,78.36633867295934
CMP_0290,X/Twitter,Technology,High,63.65756612384739,15,0.15696965056387713,21.794233539782798,11.535319809778112,1.35,2.496366382723523,106.16849737215509,51.26820162766357
CMP_0291,Instagram,FMCG,Advanced,259.4785696170682,5,0.6734562385216931,117.2036296725955,46.93577579481482,1.65,8.586627109287441,250.0,95.0
CMP_0292,Instagram,FMCG,High,123.97591614023017,16,0.5530695575638063,43.372470310192035,48.067563724077594,1.35,8.25681897173104,234.38974201502987,95.0
CMP_0293,YouTube,BFSI,High,32.35864728802346,16,0.9304319288155068,59.398961245576395,7.458725137558382,1.35,3.2535969101135223,237.43223081087365,95.0
CMP_0294,Facebook,Healthcare,Advanced,55.80428752947181,17,0.5090799695957577,45.263812594632086,50.402556209205116,1.65,8.571670405423815,250.0,95.0
CMP_0295,Instagram,Travel,High,52.5677828088642,9,0.509020660560937,43.82790825196181,31.95760514935289,1.35,6.236309832330573,232.65340838369082,95.0
CMP_0296,X/Twitter,Travel,Medium,15.398322721860437,3,0.6865064565058815,16.377298558099884,28.512131254782634,1.0,5.84139342456589,156.14221838149032,67.99349248399618
CMP_0297,YouTube,Fashion,High,25.730597985499102,20,0.5207014570843118,50.10802129585688,27.48654074333877,1.35,5.27788133385304,250.0,95.0
CMP_0298,Instagram,E-commerce,Medium,34.86178607429667,13,0.6049665614599845,39.924392419658076,49.00809449357654,1.0,8.575924960001263,246.73827319252752,95.0
CMP_0299,LinkedIn,Healthcare,Medium,10.708347716433408,3,0.7488800084177161,50.65360807186433,11.482204771612826,1.0,3.0718426518717328,195.64090594582953,95.0
CMP_0300,Instagram,Healthcare,High,56.71250735057746,7,0.4964970324718241,41.21968575260264,20.773042435382905,1.35,4.108272686206673,231.04998056446743,95.0
CMP_0301,Instagram,E-commerce,Advanced,44.73438853390069,6,0.7890520338062935,58.02739360954593,19.24596293062923,1.65,4.552845758184812,250.0,95.0
CMP_0302,X/Twitter,Travel,Advanced,14.320396918929973,9,0.2141732288970768,37.72032984764214,26.43147158637895,1.65,4.315983607000344,195.25595011780348,76.5662154143582
CMP_0303,X/Twitter,Travel,Medium,75.44246345018473,12,0.870695975270965,69.95971670536245,16.916053331655263,1.0,4.368204031969554,250.0,95.0
CMP_0304,LinkedIn,Travel,Medium,96.80495642920603,15,0.1923667837109334,21.239054557079303,10.817096535458418,1.0,2.302980078038655,110.13406502144956,51.381601779572264
CMP_0305,YouTube,BFSI,Medium,65.47232819642537,20,0.8204374623395039,27.65763360679702,15.942916915353768,1.0,4.115583652941496,144.10609103314897,94.61952709196666
CMP_0306,TikTok,Healthcare,Advanced,42.129384225759324,3,0.1767075063391596,81.67804648203514,7.054548474510648,1.65,1.251274452018924,250.0,95.0
CMP_0307,X/Twitter,FMCG,Advanced,87.63265666059422,10,0.9461168236819578,20.530804767623465,9.365175393238912,1.65,2.4703153545797236,106.60067415344967,92.26912262321643
CMP_0308,Facebook,E-commerce,High,94.08289810669261,1,0.5821752427159782,72.0897444688227,31.30663973856128,1.35,6.224474377223824,250.0,95.0
CMP_0309,YouTube,Travel,High,69.82016436337594,19,0.3610231534832298,70.41065303340528,42.134090133682456,1.35,7.008986608796376,250.0,95.0
CMP_0310,Facebook,Fashion,High,28.22788162651431,19,0.923023953371028,57.35310618175958,23.661711600903296,1.35,5.455443677819127,250.0,95.0
CMP_0311,Facebook,Travel,High,68.12066462381902,13,0.33222598552147165,12.567711898070556,41.607836265180204,1.35,7.069125253159222,145.36058399331682,42.397995656343575
CMP_0312,Instagram,Travel,Low,142.0791818228154,12,0.5045292241026907,25.233849108425357,2.434866990398005,0.8,1.537862926230846,126.87150866284327,77.6078241728689
CMP_0313,Instagram,Technology,Medium,33.87565968514999,1,1.0,15.71979570669883,19.62554482598917,1.0,5.17116627083694,150.32801851118927,93.89878223357158
CMP_0314,TikTok,BFSI,High,292.46689222931326,19,0.6291076309021819,63.20514501275066,25.84179687286821,1.35,5.437134338426476,250.0,95.0
CMP_0315,YouTube,E-commerce,High,35.85543834716287,16,0.14479704044359798,15.626137837145757,26.716216627204126,1.35,4.523688626030518,134.81441806221886,39.684683826811664
CMP_0316,LinkedIn,Technology,Medium,56.03214874098902,15,0.49534155652540274,31.3442264238263,12.093748830281138,1.0,1.8696357423877128,150.16732740018077,79.80049809158406
CMP_0317,Facebook,Technology,Advanced,31.88104151343323,16,0.4776481074981883,39.00997638737983,45.20449851506423,1.65,7.853864920607557,231.06382323595963,95.0
CMP_0318,Instagram,Fashion,Low,65.27549309907003,11,0.587703375312834,30.685905623257444,26.540008476843393,0.8,5.232906663302797,177.45395720442679,87.3211880140535
CMP_0319,Instagram,Healthcare,Medium,13.547779317561737,6,0.5411114056277421,21.9536311982593,16.945409104179213,1.0,3.5481938751019104,131.1520136940331,74.78707388730524
CMP_0320,Facebook,Fashion,High,35.27472003076425,11,0.6591700995667188,53.85263088750458,27.536224998775396,1.35,5.592633208261966,244.3063018700894,95.0
CMP_0321,X/Twitter,Healthcare,High,22.789571471433323,3,0.24438914984161314,22.42274208988527,19.14556650026892,1.35,3.3666886217206407,123.3981649986948,67.05454779561342
CMP_0322,YouTube,Healthcare,High,60.84141216892835,15,0.44041939196289936,17.990202898033967,30.983224027981798,1.35,5.357935038686723,150.51274842267978,67.28457160307154
CMP_0323,LinkedIn,E-commerce,Medium,120.97185320629164,1,0.6123687264063802,35.84457755958577,32.0968835591785,1.0,6.410294322505834,197.35460899463388,86.93547999999747
CMP_0324,Facebook,Travel,Low,91.54264686849716,7,0.39757163851268473,17.04519239499275,20.834796400576398,0.8,4.0246991473801526,117.93835033573436,60.53398655540386
CMP_0325,TikTok,E-commerce,High,8.188023282724451,1,0.7691887166915894,66.04976731985846,16.20864107175348,1.35,4.02142183514092,250.0,95.0
CMP_0326,YouTube,BFSI,High,279.6826932964454,17,0.4015726314930477,9.983738854718123,13.242064412078232,1.35,2.1643921568104245,80.52670936036543,48.357655566324866
CMP_0327,X/Twitter,Healthcare,Low,69.14625869800052,9,0.5786658178673317,37.955830502009526,18.229289293923646,0.8,4.530314695917661,211.2353320899971,95.0
CMP_0328,LinkedIn,Technology,High,29.335567497745988,13,0.5290086069781553,79.6228421068466,77.63685775436568,1.35,12.1442483940539,250.0,95.0
CMP_0329,Facebook,Travel,Medium,61.91127645258911,11,0.3470638252865354,22.15741184527326,5.1232077079591,1.0,1.6198699638419207,91.49596765804709,59.67241430790287
CMP_0330,Instagram,FMCG,High,62.862629277120085,20,0.5620981990423152,20.198673362933885,4.767771240270885,1.35,2.05325399226381,106.2969674643006,73.17882348106234
CMP_0331,Facebook,BFSI,High,32.02513382173643,6,0.28761356902318425,47.67519351415002,12.677103610025265,1.35,2.9701181087671213,188.9386508784346,95.0
CMP_0332,YouTube,E-commerce,Low,63.96482570230717,1,0.46127775464507964,8.656689373488598,3.6205856469842916,0.8,1.177143937993025,62.66563800061317,54.845257382926135
CMP_0333,Instagram,Fashion,Low,33.58307332361184,7,0.556054830899061,35.23248415376329,8.430468714485706,0.8,2.134048408109263,143.68626234157495,95.0
CMP_0334,Instagram,BFSI,High,39.50828535949595,12,0.2645323621853286,14.672204103817844,12.943729873547838,1.35,2.710737185216421,98.17626378854048,47.33546193248212
CMP_0335,Instagram,BFSI,High,31.531173500299936,20,0.6747003281841045,65.5066047822228,17.802910762697127,1.35,4.215115970091916,250.0,95.0
CMP_0336,Instagram,Travel,High,17.35469314712729,19,0.6020749337018922,41.14063110651267,44.34295132713616,1.35,8.366132274576188,241.15737317506805,95.0
CMP_0337,TikTok,BFSI,High,61.35454037569717,17,0.656400155257745,12.024577754638706,53.7359311987983,1.35,9.69941339310916,162.5377848669052,73.86418737101663
CMP_0338,YouTube,BFSI,High,87.20307108967644,4,0.5504938152280107,83.3496903335506,20.06638694802955,1.35,4.009424141583325,250.0,95.0
CMP_0339,X/Twitter,FMCG,Advanced,82.42649090891341,3,0.31986328374164485,24.18718692482982,62.727938305125946,1.65,10.015600668559586,205.50683713984486,63.6398489480071
CMP_0340,Instagram,Fashion,Medium,105.20809038092004,1,0.5499854296175049,34.391064824382,23.249078128673396,1.0,4.744239036277054,185.64840191649066,95.0
CMP_0341,X/Twitter,Fashion,Medium,70.77261754226154,18,0.6746194167298849,12.728727337194051,37.26486003128545,1.0,6.480431096388191,137.74194778039995,65.48258895684211
CMP_0342,X/Twitter,Fashion,Medium,35.652511793766664,15,0.31193824210674703,28.588890763391937,22.208549184275654,1.0,4.123485298293188,157.23762962942638,72.03082434033368
CMP_0343,Instagram,Healthcare,Low,106.88260595391574,8,0.327834796682411,26.254823051066996,9.188535322111706,0.8,2.223978021226462,129.18221222961336,69.03247036297911
CMP_0344,Facebook,Technology,High,18.430114200830012,1,0.5007831228097781,38.45345347138943,44.9854157374155,1.35,7.506361916321818,231.46653119782684,95.0
CMP_0345,Facebook,Fashion,Medium,26.561502525278215,20,0.4757340929935347,43.0662270841503,34.5462555674229,1.0,6.069511047665056,235.0946491671416,95.0
CMP_0346,LinkedIn,BFSI,Advanced,25.245298563033494,14,0.5467672330762469,43.85343899868963,15.894990862758538,1.65,2.8831781162667625,195.49183209588975,95.0
CMP_0347,LinkedIn,BFSI,High,129.54714219781755,4,0.49166041085921064,15.218647997915317,29.658322172171268,1.35,5.710736553066858,149.44522605514913,57.91599452522103
CMP_0348,Instagram,Fashion,High,116.07433575181082,5,0.5819999091594376,35.946420257895724,54.93984769968209,1.35,9.530363604236207,231.5634243076899,95.0
CMP_0349,Facebook,Travel,Medium,80.62785534623984,13,0.7943636038898716,17.724395104336757,8.734176157402255,1.0,2.5068788814257004,89.84168018033084,85.44455102442757
CMP_0350,LinkedIn,Fashion,Low,128.70769360286894,15,0.6576776777194715,28.997000650135636,27.77627604300747,0.8,5.163779120252207,185.52809695681083,88.92812944763524
CMP_0351,X/Twitter,BFSI,Low,27.01990385053747,6,0.5612303308672835,29.997087957913777,9.116061336325894,0.8,2.3594908433307658,143.93003938358154,92.03428654997992
CMP_0352,TikTok,Healthcare,Medium,72.15929428835035,1,0.3286576906108456,39.513344179188344,8.221306601246617,1.0,2.1452991091487212,153.6434729285297,95.0
CMP_0353,LinkedIn,E-commerce,Low,49.39555583503671,19,0.40560268244489217,5.043006268610551,16.004601081083706,0.8,3.363256294925235,72.69263585035661,39.302698415432424
CMP_0354,Instagram,E-commerce,High,107.50159483240304,13,0.718346835809369,45.7207878404071,16.3544474472988,1.35,3.6431913427589784,206.25088640443187,95.0
CMP_0355,Instagram,Fashion,Advanced,49.79032131105042,6,0.4563029212283366,58.620918865896556,15.841566130982285,1.65,3.110858452338019,232.72253829431673,95.0
CMP_0356,LinkedIn,FMCG,Advanced,40.12685011900007,15,0.3564495743012575,36.24860604085365,35.943816005783866,1.65,6.120250541230196,208.31298349654003,90.17649708662681
CMP_0357,Instagram,Fashion,High,84.16059466482734,16,0.9696066237557588,32.02382461803019,14.112643060611603,1.35,3.8159094583072717,150.1163071823135,95.0
CMP_0358,X/Twitter,Travel,Medium,110.05005786216097,16,0.8548918747853353,12.497742030927643,28.501749555650726,1.0,5.82891214316133,127.13849825596203,73.2522511847268
CMP_0359,TikTok,Fashion,Advanced,31.98681683863518,10,0.525109316173429,26.556016043647105,47.958886960191045,1.65,8.451612375760238,202.263603954089,88.8114789601911
CMP_0360,X/Twitter,E-commerce,Advanced,51.99457898809743,9,0.3334670996862522,101.10550057972084,6.970285417495449,1.65,1.344430472046092,250.0,95.0
CMP_0361,Facebook,BFSI,Low,23.41197147618752,9,0.6946717694545895,16.55678508252052,16.99667925886079,0.8,3.8961352878402744,113.59081506659032,73.51467363208785
CMP_0362,LinkedIn,Fashion,High,7.400526793636769,17,0.45198640033417525,48.105437378151,42.76710851501736,1.35,7.2540095508216025,246.7313281654186,95.0
CMP_0363,X/Twitter,BFSI,Medium,64.09508635953867,17,0.7277065525624097,33.83863277026256,39.02761320634436,1.0,7.296698389736512,197.98241926234155,95.0
CMP_0364,X/Twitter,BFSI,High,88.86552615271653,17,0.4521893178474746,56.79765142874522,21.507937406971717,1.35,4.209832584736225,234.73655725953984,95.0
CMP_0365,TikTok,FMCG,Advanced,67.33320126157271,12,0.8790791135790512,42.612143000812715,9.358494979481435,1.65,3.3463092511984867,189.9018460855997,95.0
CMP_0366,Facebook,BFSI,Low,11.477064192164974,13,0.4462516737208305,13.903815891739082,10.716644213883786,0.8,2.7352656313755737,84.78913813106729,42.75060310610199
CMP_0367,TikTok,E-commerce,Advanced,41.236362660037,12,1.0,124.07839537584238,99.26348145530531,1.65,15.0,250.0,95.0
CMP_0368,TikTok,Healthcare,High,9.25646097941795,14,0.5890115569759363,72.66419552646693,22.381595330396912,1.35,4.489833061131621,250.0,95.0
CMP_0369,Instagram,Healthcare,Advanced,163.32807142026837,10,0.8268611268108881,75.01189206448618,27.947769150949465,1.65,5.951174524847143,250.0,95.0
CMP_0370,Instagram,Technology,Medium,22.900444808088125,19,0.44197992819802656,9.172050213531493,11.710661696781862,1.0,2.694601339125557,89.11157980795598,57.25061244020829
CMP_0371,Instagram,Travel,High,149.0561212281946,2,0.28772994959836384,54.41823839987739,15.563987025389745,1.35,3.081269884147784,232.27764945329093,95.0
CMP_0372,Instagram,Fashion,Low,116.36080071318686,4,0.08875543912862105,43.74485356203566,17.81404299518197,0.8,2.9845250649703523,190.65952338062505,83.49976065927319
CMP_0373,Instagram,Travel,Medium,26.56322440342572,19,0.8053207676160063,11.469285530820606,13.82651185446563,1.0,3.437456484112012,98.60173674632746,79.25229728880628
CMP_0374,LinkedIn,E-commerce,Low,22.06013291543989,7,0.5636027819952083,16.663026690686166,15.856128833601947,0.8,4.067958917801789,116.6929836619245,66.19770664949675
CMP_0375,Instagram,BFSI,Advanced,72.2618388517677,15,0.30048490989565846,32.10910092850244,63.48468753571513,1.65,10.124775959737116,250.0,66.6210042900365
CMP_0376,Facebook,Healthcare,High,27.786235446415226,15,0.8136406102171712,47.21394467379989,29.145230288301953,1.35,6.208976935820903,236.385531277331,95.0
CMP_0377,YouTube,Travel,Advanced,59.26315103167067,6,0.7811988033521654,38.22496670307712,38.5004790879776,1.65,7.520645748634589,205.31960306723641,95.0
CMP_0378,Instagram,E-commerce,Advanced,37.10448780360573,3,0.8264771680741071,65.19674688239999,54.448136669504144,1.65,9.901752466776395,250.0,95.0
CMP_0379,YouTube,Healthcare,Low,13.132279304696173,6,0.2820427943114282,37.36934123905284,38.74026104212578,0.8,6.4538256537032845,213.1883585860222,83.22435504317474
CMP_0380,Facebook,BFSI,Medium,9.167142142044524,16,0.7992822602091507,29.235463958178762,21.044128349572006,1.0,5.033383673240029,158.51107515463346,92.06325398213377
CMP_0381,Instagram,Travel,Low,65.45398644788182,2,0.6268083951351086,39.347640624801706,20.619687867053038,0.8,4.2840827357984015,190.4257346518961,95.0
CMP_0382,LinkedIn,Healthcare,Medium,34.83956976179625,7,0.8355246074615155,24.91640509655568,26.99769462755092,1.0,5.953384207666834,173.77868293023323,95.0
CMP_0383,LinkedIn,Fashion,Medium,35.07638620823357,11,0.6585462329088765,24.083652590414243,20.749070063836907,1.0,4.580180085061511,138.91764524305984,83.16788370254272
CMP_0384,TikTok,Fashion,Medium,95.26772360354927,7,0.5846031125695277,41.184927686458984,47.697769204708024,1.0,8.676608773621506,244.67821932027277,95.0
CMP_0385,YouTube,Technology,Medium,139.5961793367688,4,0.8019970468924438,36.41436574807963,26.352627802790614,1.0,5.4079670618834665,191.50631214348448,95.0
CMP_0386,YouTube,Technology,Low,43.90219078887467,20,0.7203798876368633,18.22720674482293,26.153485456784388,0.8,5.389075053100655,130.68447264578919,75.38207673427748
CMP_0387,Facebook,Healthcare,Low,41.575915050588755,7,0.7663531197546066,29.281414763743424,10.34576886202466,0.8,2.8279965506059335,127.48876019340926,94.70353170820701
CMP_0388,Instagram,E-commerce,Low,81.46018933532268,4,0.45239051986984247,37.12336316118488,8.626797730141842,0.8,2.531732413668646,150.82683958054477,86.29020478220555
CMP_0389,YouTube,Fashion,Advanced,18.43869681955424,12,0.5155181252011043,20.810694214678723,28.89477401338417,1.65,5.143474735064621,129.21740573882315,65.05057448194815
CMP_0390,YouTube,E-commerce,High,65.2693428095364,5,0.20323728155066717,52.30099992112702,58.582775263928504,1.35,9.29350576542012,250.0,95.0
CMP_0391,TikTok,E-commerce,Advanced,84.90294473458927,19,0.4379751861866811,111.52210429956344,64.86245354466665,1.65,10.469211100889968,250.0,95.0
CMP_0392,Facebook,Healthcare,Medium,94.0836393278715,5,0.7080787077277939,27.27431588279387,34.01671232168562,1.0,6.861019730607549,178.88654411743,95.0
CMP_0393,Facebook,E-commerce,Medium,11.595276744536289,19,0.6628375635196777,41.88198533607364,6.427235287372246,1.0,2.2722010909512687,158.71158222786076,95.0
CMP_0394,YouTube,Fashion,High,29.693132322968328,3,0.3540935780139388,47.96154171746884,21.710167021869957,1.35,4.160054180224477,224.85864144538004,95.0
CMP_0395,Facebook,BFSI,Medium,27.041950913532176,11,0.8064690840470186,34.9919957298103,45.995875496920206,1.0,8.187167793157654,216.99594568797744,95.0
CMP_0396,TikTok,Technology,Medium,59.1401211840779,7,1.0,45.817644735881885,40.287851685553896,1.0,7.85381659276587,250.0,95.0
CMP_0397,TikTok,BFSI,Medium,80.20578655388624,17,0.36945510908427126,35.25303769612661,47.2756556975223,1.0,8.012371010414052,230.55930505695312,77.46152404225319
CMP_0398,Facebook,E-commerce,Low,180.79581959049648,9,0.5088236395912259,14.722420605780439,3.436728888946934,0.8,1.9204423931253054,66.590428839003,56.29006740442246
CMP_0399,YouTube,BFSI,Medium,36.74593530901786,9,0.4256809148897149,37.62386022440832,21.24109971894919,1.0,4.195348537324098,195.56011285643208,93.55812464764064
CMP_0400,YouTube,Fashion,Medium,36.66937732189547,10,0.5310228487613851,34.734654836379505,22.433957024500028,1.0,5.14203469632661,178.88388589445103,95.0
CMP_0401,Instagram,Fashion,High,136.96667048553613,13,0.6047812000963646,20.550191660668887,19.50284369960925,1.35,4.372432936711534,124.85048927683687,80.85701855973815
CMP_0402,TikTok,E-commerce,Low,69.21804197504575,15,0.4105334122824948,32.76522766247611,39.92280664919651,0.8,6.814293866163399,197.34661466516226,79.12193610564498
CMP_0403,X/Twitter,Healthcare,Medium,150.52379965820606,5,0.49461604118563335,36.76353820782525,8.513227328002053,1.0,2.1699167612005588,167.66759705647496,95.0
CMP_0404,YouTube,BFSI,High,68.78477331905589,3,0.5674486397185553,35.53974889638471,16.071362695289338,1.35,4.09072220283328,180.9417397916,95.0
CMP_0405,Facebook,Healthcare,Low,21.634877359159702,8,0.6443203932015106,49.32146620769116,4.505767302540934,0.8,2.2067401953935093,196.27001429759582,95.0
CMP_0406,TikTok,Healthcare,Medium,18.7932416063022,20,0.8432985809970679,13.269919329383754,11.70619496226462,1.0,3.287898162015935,91.0456896616306,71.56907478103689
CMP_0407,Facebook,FMCG,Advanced,15.780739867932667,10,0.5471042282670501,38.51061886898582,41.03794037898033,1.65,7.052233379365792,229.5898726478411,90.9467403160997
CMP_0408,Instagram,E-commerce,Low,92.72531011289459,13,0.4376328729620683,43.04396592952815,16.337078872684405,0.8,3.1267059424975625,176.81176598782463,95.0
CMP_0409,TikTok,Technology,Low,141.29889345282314,3,0.6892678295397755,43.75249980191007,13.463395810174081,0.8,3.551420526091069,204.30342687112366,95.0
CMP_0410,Instagram,Fashion,Medium,239.72434796551414,8,0.6300345757945618,34.46885123541591,13.837885448099405,1.0,2.8803073173140854,161.30168622414493,94.52714709623939
CMP_0411,Facebook,Fashion,Medium,107.17727785462345,9,0.5114344808350542,69.30664628914677,13.723120258542268,1.0,2.9280545277502728,250.0,95.0
CMP_0412,TikTok,E-commerce,High,138.4169991719556,12,0.6470033449653654,32.819203604581475,20.744678956137747,1.35,4.494966637514105,193.6523850502483,95.0
CMP_0413,TikTok,Travel,High,34.32887833389235,11,0.4733702842548312,36.9885865500626,56.5435373133898,1.35,9.436554773315752,250.0,93.08352933785105
CMP_0414,X/Twitter,Travel,Low,21.647010171650532,2,0.44392319618911347,28.133504156143893,21.701313689229078,0.8,4.006545422268303,158.0654041713264,74.43359875065173
CMP_0415,LinkedIn,Travel,High,107.77691251676758,18,0.17013656904136826,35.52317695451842,35.79371764931282,1.35,5.917778197451774,198.6162447876465,83.3904972448053
CMP_0416,Facebook,Technology,Medium,76.2596985724297,9,0.48441537852088445,7.288842116223645,34.49379836566158,1.0,6.349812797937906,106.62681106995653,44.561437268760585
CMP_0417,Facebook,Fashion,Low,59.498761634694375,2,0.1974954038298921,31.787630945367678,17.83078947274958,0.8,3.0046697880462863,151.79711137783687,68.18506995091248
CMP_0418,Facebook,E-commerce,High,74.43283569817329,2,0.42211923023280606,16.63650368533175,7.517553016464663,1.35,1.8124433481629934,107.70108910636532,50.07325698912141
CMP_0419,LinkedIn,Fashion,Medium,70.70726925730837,3,0.6658961473194644,40.86009346549632,33.665219303369724,1.0,6.640948261340112,208.4961074608546,95.0
CMP_0420,YouTube,Healthcare,Medium,152.48305694616914,16,0.24896606523288,17.592090713413015,20.338680305895434,1.0,3.5011176834680278,120.46251033143523,44.818940959410256
CMP_0421,YouTube,BFSI,Low,153.85159483052234,19,0.5120310111667269,13.117029941909385,27.457577653373598,0.8,5.1469131501042655,135.05711370228818,57.707048172431605
CMP_0422,YouTube,BFSI,Medium,84.38387103614957,4,0.5630947335534598,43.43623125746379,48.41280588025033,1.0,8.622964359411114,250.0,95.0
CMP_0423,Instagram,Fashion,Medium,107.40881961788794,18,0.5022811591337533,12.64180072347958,5.778306375630947,1.0,1.5412935215571049,67.42004770392867,56.99038570356528
CMP_0424,X/Twitter,FMCG,High,82.37236808807134,20,0.4537330345519013,17.654936687421273,21.097470706605453,1.35,3.9166112212030253,114.51510593359649,60.97121582802868
CMP_0425,Instagram,Technology,Low,37.7529725020909,18,0.6150777627105277,19.247166860203546,29.367608084280985,0.8,5.55702104283761,145.4349807320338,76.84668193302602
CMP_0426,X/Twitter,Travel,Medium,100.00815572680342,10,0.6428198401133207,16.399347098450658,24.74400969857706,1.0,5.569385565031972,140.56913701525696,74.62304291055258
CMP_0427,Facebook,Technology,Medium,17.892899262744855,11,0.5503052257079258,28.864197201754287,21.764288012593276,1.0,3.9894717335412455,167.28351527296107,74.40619218507832
CMP_0428,TikTok,Technology,High,126.86369493135139,17,0.4648478164394144,41.83883851094246,34.51283977317498,1.35,6.118555633508258,216.92780896849794,95.0
CMP_0429,Facebook,Healthcare,High,20.997043627856744,20,0.7229471866100217,24.584993952693065,79.6443950559335,1.35,13.126578915317852,250.0,91.56050808894196
CMP_0430,Instagram,Technology,High,68.62402070120552,16,0.2878519879503499,26.96177165744061,23.749546694996187,1.35,4.8309010427858805,133.21626978962308,57.917622242000455
CMP_0431,Instagram,BFSI,High,27.76779325966777,20,0.6874757116950442,52.71274688160173,13.457921530574966,1.35,3.4736847512016706,217.1625636184692,95.0
CMP_0432,YouTube,Healthcare,Advanced,85.0050942000302,13,0.6339388782643313,25.898828774047807,10.93310027332086,1.65,2.6219044824086772,138.606232344223,91.98310171236699
CMP_0433,LinkedIn,E-commerce,Medium,53.13627389676864,2,0.5898053687626539,12.28000484439466,18.368349929772663,1.0,3.4410697119653566,106.46782443761417,53.865607494017894
CMP_0434,Instagram,Technology,Medium,15.244141014629712,2,0.5480209008546711,37.69207072797686,5.731444741139315,1.0,2.139361283553176,149.16596316633934,95.0
CMP_0435,Instagram,Technology,High,76.44409618098764,14,0.17200624021753036,45.18753476519841,9.814423934758072,1.35,1.874112063025339,188.31697736343074,89.42048828848324
CMP_0436,YouTube,E-commerce,Advanced,34.38647706560149,4,0.8274704724023457,54.01217715769134,19.099812788510604,1.65,4.710631123620657,224.3620907421186,95.0
CMP_0437,Instagram,Technology,Advanced,110.48915558623158,17,0.7177342097770383,44.39673826282385,18.334214201743187,1.65,3.883627019929583,211.75818989535503,95.0
CMP_0438,YouTube,E-commerce,Medium,54.65608487107348,13,0.3577219648211389,7.420614041834019,14.689393212079418,1.0,3.479337586459482,81.97055852346814,39.778713966462895
CMP_0439,YouTube,Healthcare,Low,74.91370029710438,4,0.7017619370031244,27.961262522885697,6.428703814517596,0.8,2.392399046085464,128.079249172609,88.634952984865
CMP_0440,Instagram,BFSI,Medium,25.379578028054244,3,0.5877679399047241,13.334804629342287,31.809320948031544,1.0,6.074254458347553,129.91482539480242,57.87532997398421
CMP_0441,Instagram,E-commerce,High,34.07398585025515,12,0.43339959410870993,14.937438796400897,34.823425917462714,1.35,6.277490033868394,143.9325968570602,53.76896569477196
CMP_0442,TikTok,FMCG,Medium,37.82949506646859,8,0.7883587434779095,19.956873277860147,18.288847309866618,1.0,4.3508481029029635,152.88453002451757,89.92566214793857
CMP_0443,Facebook,E-commerce,Medium,108.34948601175431,2,0.46383214823182617,61.15356257078182,33.65094541116563,1.0,6.366972301649114,250.0,95.0
CMP_0444,Facebook,Technology,High,208.9096099723787,6,0.8212253199192442,39.44099189923062,27.251914409498976,1.35,5.571257656037688,193.70633528322463,95.0
CMP_0445,YouTube,Travel,Medium,28.670324509264265,10,0.6568560729900256,34.53108362486982,51.22871273976362,1.0,9.30471602418027,224.83677477148913,95.0
CMP_0446,TikTok,Travel,Advanced,129.2151075127925,12,0.7413117452848709,70.21113882179903,38.58504849381896,1.65,7.6703233353087406,250.0,95.0
CMP_0447,TikTok,Healthcare,Medium,9.623981590720916,10,0.6658170746146896,14.957330832366184,19.270076762415247,1.0,4.533137411141123,122.3583181744759,85.02549273675558
CMP_0448,YouTube,Fashion,Medium,21.002647036272233,10,0.6565461575519085,35.48664709102257,4.646918140799631,1.0,2.440433776714475,154.04975917396993,93.4602991779021
CMP_0449,Facebook,Healthcare,Medium,25.355032601571175,3,0.5930460863292867,41.152962430245175,31.79450276827951,1.0,5.73616112960638,218.56657877095859,95.0
CMP_0450,Instagram,Fashion,High,18.504113309929256,20,0.4046362105889463,28.246472620475984,18.473315633005484,1.35,3.7292625442018306,144.48062842944435,77.70889455252387
CMP_0451,YouTube,Travel,Low,15.380943193461642,10,0.5625051444689617,50.63590909739927,23.357944162306584,0.8,4.753927906758004,224.9899556288433,95.0
CMP_0452,X/Twitter,Travel,Low,75.97460424021907,9,0.7332781688082335,29.72102090308186,8.487962615160676,0.8,2.762220728279096,127.78875576859873,91.30443538150946
CMP_0453,Facebook,E-commerce,Advanced,46.00480473602807,20,0.6938519423171234,28.851874819675647,15.024868567816105,1.65,3.829512250574998,163.5432701891994,90.07884190746931
CMP_0454,TikTok,BFSI,Low,73.95999345935977,19,0.6502506929720596,30.214896789425644,15.171645171580481,0.8,3.9383541177310826,151.8853965574297,94.61257943857666
CMP_0455,Instagram,FMCG,High,94.85772608581063,14,0.13084933738080046,24.479285715307153,19.473707556310863,1.35,2.9660467498699865,120.67429556441957,48.45378699847599
CMP_0456,X/Twitter,Healthcare,High,67.52470929600322,2,0.5073551762185484,67.68497231116292,10.824721572350406,1.35,2.276287242588881,250.0,95.0
CMP_0457,Instagram,Technology,Medium,92.40772147660137,5,0.48634215573003947,17.354871343029878,8.627280989334496,1.0,2.2052721140326947,83.77058189680858,57.0356428358067
CMP_0458,X/Twitter,Fashion,High,51.64400767913865,20,0.32934848638767744,13.136834185701124,46.92956359710299,1.35,6.952787268450649,148.34089559806762,55.44226290665142
CMP_0459,Instagram,Technology,Medium,21.12390398130262,8,0.7307515242274535,31.629397069784588,12.604875238220707,1.0,3.3314211206679922,147.1838475532095,95.0
CMP_0460,Instagram,BFSI,High,127.26243156121404,7,0.1449382613780903,66.33019108041056,69.64543351314047,1.35,11.165587818913538,250.0,95.0
CMP_0461,Instagram,Fashion,Medium,34.079986089023386,6,0.7173271495802626,32.47866864744059,31.03608494925849,1.0,5.663028528440417,166.04444084663214,95.0
CMP_0462,LinkedIn,Healthcare,High,25.82964752318504,11,0.815847649880646,50.48631503301054,14.721596285166909,1.35,3.7146289801369345,221.80968455724138,95.0
CMP_0463,YouTube,E-commerce,Low,47.3546821864329,12,0.5080316523462263,9.416450013826656,14.858629257147609,0.8,2.903843491647127,103.59576461811213,54.545512934333416
CMP_0464,X/Twitter,Technology,High,26.304795594635586,18,0.5351322112044639,23.75990035445932,34.98645746906144,1.35,6.437246555098691,155.8965725141949,82.0529148931906
CMP_0465,TikTok,BFSI,Low,39.09738927917321,19,0.7435118471386677,54.18266699397586,6.093367500184643,0.8,2.592078856913118,225.20295770786998,95.0
CMP_0466,Facebook,Healthcare,Medium,71.89761817391137,10,0.3972690693151336,23.9120248216634,13.668833873649893,1.0,2.8512910083324976,125.47850010502394,73.27079455257143
CMP_0467,Facebook,Travel,Medium,72.14466875764751,14,0.6821552953544914,20.583652327215056,15.667144066684031,1.0,3.508928710246052,129.2041420894249,83.017705232989
CMP_0468,TikTok,Travel,Low,26.621946895410325,3,0.3664371304647135,9.375147018058527,7.806146495444181,0.8,1.9608767942079919,59.855607438452985,49.576059403752296
CMP_0469,Instagram,Healthcare,High,36.95997985190906,18,0.30651161887612666,71.7455854872654,6.996038880249047,1.35,2.033607819580958,249.3198915394122,95.0
CMP_0470,TikTok,Healthcare,Medium,128.9553736504493,15,0.609198145329974,11.81689820838644,43.23344796974531,1.0,7.970318480422025,151.96911110840668,57.570383459046774
CMP_0471,Instagram,Healthcare,Advanced,81.21663528177088,6,0.5446626037410929,30.957906011121036,36.573241116049786,1.65,6.453250941285329,188.14853093913348,86.15895544560294
CMP_0472,TikTok,Fashion,Advanced,287.16358371327334,10,0.205799137765804,10.856805619191485,19.223457217095888,1.65,3.197864130388903,92.43548383313033,39.69792695348152
CMP_0473,Instagram,Healthcare,High,140.34484029345703,12,0.8330621904839246,30.45779425978978,16.09528806705878,1.35,3.974901963526373,144.43599754725335,95.0
CMP_0474,TikTok,Technology,Low,136.37854725462506,7,0.4670565923232713,18.027061811130263,32.81351320026785,0.8,6.003268087289904,152.22464004305658,60.365326919704536
CMP_0475,X/Twitter,BFSI,Medium,17.988005229596194,17,0.6521359838718106,26.861265359850016,17.77123925359552,1.0,3.5554003671454684,147.13217166118795,92.51090278729133
CMP_0476,TikTok,Fashion,High,100.59356418416685,1,0.8710366502666302,35.862304902638584,28.878388589422787,1.35,6.236638207825282,213.4855987701141,95.0
CMP_0477,Instagram,Healthcare,Medium,52.3271082329625,18,0.5995208752558725,10.309031628199007,24.543626302289162,1.0,4.71816430905757,110.71019736910023,62.913202874591526
CMP_0478,X/Twitter,FMCG,Low,35.13558930761636,15,0.8046584131734182,8.38325228633802,11.986500371462522,0.8,3.3278067409053365,107.64039164566675,68.3657079773045
CMP_0479,TikTok,FMCG,High,62.45287500528566,19,0.3773891907310035,37.20555534766807,30.317363357564375,1.35,5.083179461907387,212.69055342106742,86.76346412773515
CMP_0480,X/Twitter,BFSI,High,116.29955435839304,1,0.8341970707660096,56.91493942512374,8.664745986723847,1.35,3.1874887700783665,229.1668328208413,95.0
CMP_0481,LinkedIn,Travel,High,81.50507374128405,5,0.38482710080337534,82.8254911595474,11.706665546619947,1.35,2.347836694486153,250.0,95.0
CMP_0482,LinkedIn,E-commerce,Low,27.037396382959038,15,0.4357717024743638,19.966171014219125,22.56284653735724,0.8,3.9681576239488026,119.2156736755461,58.82107277295886
CMP_0483,X/Twitter,E-commerce,High,98.8859465416494,3,0.25906691780249136,52.36748085230137,54.628954614448666,1.35,8.538734496377456,250.0,95.0
CMP_0484,LinkedIn,Travel,Medium,32.78365166669313,1,0.6036849109831884,18.040450835651104,13.107414867473976,1.0,2.8488422182937767,106.02894363924133,72.68477154916705
CMP_0485,X/Twitter,Fashion,Medium,64.93238483510721,8,0.6761855028685853,74.98981914216688,15.843045407515424,1.0,3.9873359009091374,250.0,95.0
CMP_0486,TikTok,Fashion,Advanced,42.83347598361084,12,0.7033616770787039,51.02369331668573,22.83809386504004,1.65,4.501608507345067,219.23616495437955,95.0
CMP_0487,Instagram,Fashion,Medium,45.82853805046425,19,0.26368274805692304,29.731587649219897,15.91261958949212,1.0,2.90128164429356,147.52401587056366,75.79177709259208
CMP_0488,Facebook,E-commerce,Medium,100.78548830372026,12,0.6249952492926063,43.17031565966839,35.225346374266856,1.0,6.338601746655247,209.8148469286018,95.0
CMP_0489,TikTok,FMCG,Low,23.75623504287633,13,0.6323964736017418,22.02565357990289,23.923702667914796,0.8,5.323911454357092,138.1388752951496,84.89271811103183
CMP_0490,TikTok,E-commerce,Advanced,258.8260098774272,1,0.6729543419151857,53.75971247713015,42.61331094211877,1.65,7.864791765128975,250.0,95.0
CMP_0491,X/Twitter,Technology,High,12.719435074764073,19,0.3954542426862998,43.932815804060006,17.204400917203706,1.35,3.1828000393757763,176.46665978952112,91.60077277185269
CMP_0492,LinkedIn,Healthcare,High,33.84752409973271,6,0.048939253831159935,106.34885393244214,35.174406587370726,1.35,5.425502476989653,250.0,95.0
CMP_0493,Facebook,Fashion,High,73.4180275163116,8,0.6912957808006762,53.38643320533651,25.47874834630974,1.35,4.9315884059517066,247.4191339233707,95.0
CMP_0494,Instagram,FMCG,Low,87.13436330998687,4,0.5208340730194119,35.614399635972525,7.9198186211664785,0.8,2.431083902552453,175.34419020415763,95.0
CMP_0495,X/Twitter,BFSI,Medium,50.38126720484019,5,0.6060482211419377,15.3057142508743,19.05121673699438,1.0,4.120091735270767,98.08386625038166,64.44361754211452
CMP_0496,Facebook,BFSI,Medium,52.14808384352969,7,0.5310785926420346,9.210897038879093,25.32207593934907,1.0,4.986162620558831,116.23768403151706,57.32145613173397
CMP_0497,X/Twitter,Healthcare,Low,75.82591101914858,4,0.5969004494053758,43.6121871441463,24.79578022548962,0.8,4.627085675579944,196.72861196565995,95.0
CMP_0498,Instagram,FMCG,Medium,45.38331007811132,20,0.6974238588378512,22.84802482971775,30.997752928796807,1.0,5.629357891729565,157.72983711337562,91.60079437209055
CMP_0499,TikTok,E-commerce,Advanced,166.42504141672325,4,0.17859565809152156,137.97088805060235,56.225618783134415,1.65,8.29197754979997,250.0,95.0
CMP_0500,TikTok,E-commerce,Low,106.85569628474242,15,0.7782040552478561,10.042858195294986,9.999918468810057,0.8,2.5800664423017587,95.14456436552216,65.47514566622976
CMP_0501,LinkedIn,Technology,Medium,109.75597372877276,5,0.5135715008659159,31.341243462571803,15.391125652051763,1.0,3.3390775807100375,178.05190528896034,87.81082191010974
CMP_0502,X/Twitter,Technology,Medium,25.205812465243802,9,0.8754148536952,62.30487000102156,36.70468429029474,1.0,7.833077453938482,250.0,95.0
CMP_0503,Facebook,E-commerce,Medium,51.23840048878511,2,0.4581089169229634,3.6122021703125693,2.2081296249880658,1.0,1.12766166919942,39.618659688403426,34.464255104816374
CMP_0504,YouTube,BFSI,Advanced,42.93241955090536,7,0.4136804374825176,57.057197151888055,30.342529016337334,1.65,5.205114079624037,238.24742419035977,95.0
CMP_0505,LinkedIn,Fashion,Medium,24.42284340482921,17,0.5203321184418166,37.99127550799943,20.567220727512204,1.0,4.10947098557337,185.61143643249403,95.0
CMP_0506,Instagram,BFSI,Medium,72.83024681595633,16,0.6499974081863685,11.811603861290301,28.83033941935539,1.0,5.388683478493138,126.55780612807756,69.9154761765252
CMP_0507,TikTok,Technology,High,35.51245193726731,17,0.49512948966739107,8.72422528406285,32.54186989489885,1.35,5.486998409665493,100.46841171916125,45.016562854356685
CMP_0508,YouTube,Healthcare,Low,92.23346852494059,20,0.6645026575251047,27.545781752859725,6.144571455805395,0.8,2.0543233192862616,135.0466459415966,85.52512038555736
CMP_0509,TikTok,E-commerce,Medium,23.192912810210768,2,0.47257481898808984,22.250729478551396,34.50037377515017,1.0,6.052118478583796,155.09870197185612,68.28085993452403
CMP_0510,YouTube,Technology,Medium,215.9900820669917,11,0.5569784436022207,58.26170582675161,51.20132328183625,1.0,9.35197644957072,250.0,95.0
CMP_0511,LinkedIn,Technology,High,26.65385713411169,2,0.9973105898089409,57.69943941503271,24.918270188323646,1.35,5.585809206534683,250.0,95.0
CMP_0512,Facebook,Fashion,Advanced,65.06858514979454,1,0.6214533727065112,58.149471994041114,40.46650255402981,1.65,7.371316159803538,250.0,95.0
CMP_0513,TikTok,E-commerce,High,102.87220073868262,2,0.6374992453851952,37.13429688885941,35.37894207829017,1.35,6.170257702238934,193.88401384580175,95.0
CMP_0514,TikTok,Fashion,Medium,34.58733781014573,9,0.25548600256220455,8.177148131535303,13.127826983280785,1.0,2.6883077252713288,79.66169507389294,38.8750242349037
CMP_0515,Instagram,E-commerce,High,107.9831195825347,2,0.8208575046690001,50.53252564791129,11.57874584693158,1.35,3.1567373288142413,213.631604347503,95.0
CMP_0516,Instagram,Fashion,Low,20.422824465572706,15,0.7632930170646535,21.783407303863022,8.704419344724897,0.8,2.4934340742394285,111.61809502345585,84.94273591250784
CMP_0517,Facebook,BFSI,Low,174.45976802784082,10,0.4071101781416403,26.045846572680606,9.131747417255223,0.8,1.8755547370686807,123.39123359575746,77.92018452961992
CMP_0518,YouTube,Healthcare,Medium,55.21968002701348,15,0.7593451868743474,35.25970891938975,10.789744978604011,1.0,2.9445753514750828,172.53060771599655,95.0
CMP_0519,TikTok,Healthcare,Medium,33.8815586459861,10,0.6159602454680042,41.16536816968431,33.07417664961788,1.0,5.846208291356497,221.97222284888784,95.0
CMP_0520,Instagram,E-commerce,Medium,42.97654845105907,17,0.5592831797213144,40.58120439219806,2.491558717212425,1.0,1.5796854654458166,152.43855142403532,95.0
CMP_0521,X/Twitter,FMCG,High,104.28582174459079,9,0.8081911292549999,13.335906932480235,44.47489881705462,1.35,7.9623126717614605,155.8349046495516,78.30580405337102
CMP_0522,Facebook,Travel,Advanced,34.20718694286986,18,0.44754028538585405,24.22183272394106,37.916008431928184,1.65,6.776238332664228,166.99045619569694,73.61188766161334
CMP_0523,TikTok,Technology,Medium,29.979501010656694,4,0.40552898886403,12.994023254720947,23.45405888976271,1.0,4.176580853624695,95.09684782106541,55.43755686065383
CMP_0524,YouTube,Technology,Medium,45.730740112338154,9,0.5915126640674011,22.909319265499935,5.869485326458573,1.0,1.7883589506875281,116.61506569822392,84.94105071108896
CMP_0525,YouTube,E-commerce,Low,21.294105765252628,16,0.6556457629075262,20.985929280615835,7.7944911039942735,0.8,2.2754857880495636,120.29047114442504,81.0432666547273
CMP_0526,X/Twitter,Fashion,Low,234.26082382633712,4,0.7432631773387672,10.048835674571619,14.73612689234548,0.8,3.392262078872608,86.11258824061963,77.62070853786639
CMP_0527,Facebook,FMCG,High,34.70501937360919,16,0.5198094096506791,30.98878383808556,18.071228849395563,1.35,3.7567785062099435,160.39591436497597,77.84559716898156
CMP_0528,Facebook,BFSI,Medium,106.19674184847472,19,0.3800457766818703,34.01373762822216,11.847956793503506,1.0,2.373720313670359,165.99765527332002,82.28192364289438
CMP_0529,Instagram,Fashion,High,64.5587761448736,1,1.0,29.537888705705388,15.293647588111623,1.35,4.627460469366211,174.39309603441592,95.0
CMP_0530,TikTok,Fashion,Low,24.837950847846898,6,0.3326810877922075,10.199582304796197,9.608413549951104,0.8,1.4150333367746444,61.71606701713772,41.52819345406958
CMP_0531,YouTube,E-commerce,Low,54.33867567597981,10,0.5610236246579058,16.541750640458666,7.61414213421416,0.8,2.6146036344936356,100.20407577381107,72.64269932508138
CMP_0532,TikTok,E-commerce,Medium,102.22765350899327,16,0.7059411049095224,21.970180274240334,22.46256438069543,1.0,4.579474483702943,133.7831856026725,85.80114145118576
CMP_0533,TikTok,Technology,Medium,46.964449971894254,4,0.7802245230075671,52.64901424286195,5.623405714121533,1.0,2.884083325904559,214.84798174570147,95.0
CMP_0534,X/Twitter,E-commerce,Low,141.81031527341565,13,0.43656796425045646,13.174649733469211,20.064072929020405,0.8,3.9188932647439487,106.95533996697804,55.200218214518884
CMP_0535,YouTube,E-commerce,High,123.61999629070336,16,0.17501646111845937,73.07335300771149,42.75836225467338,1.35,7.12369690208708,250.0,95.0
CMP_0536,TikTok,E-commerce,Low,113.8784764457518,20,0.43194696530746585,13.788305140798547,26.149185370011125,0.8,4.763434554853446,113.96667337893685,65.6052297638059
CMP_0537,YouTube,Technology,High,37.798695149741214,6,0.722264502042777,31.292063056219206,28.033027395069695,1.35,5.608212650826307,160.52531535743393,95.0
CMP_0538,Instagram,BFSI,Medium,23.014536586262057,11,0.6774992962990477,45.53312930867598,9.098359780031432,1.0,2.4350922950143774,175.43173270443287,95.0
CMP_0539,X/Twitter,BFSI,Low,33.41917762888919,3,0.684024471777615,25.36562864007576,25.45723992408599,0.8,5.159193919171731,162.1345980894793,90.62781491204956
CMP_0540,Instagram,Travel,Medium,63.87913310232004,20,0.6923328172148748,16.860445155282992,52.05163058884822,1.0,8.892460673591838,178.72357969646907,82.266480505895
CMP_0541,TikTok,Travel,High,84.48967781161328,10,0.8180168465361017,72.18871471038214,6.535690041345578,1.35,2.6725785084903193,250.0,95.0
CMP_0542,LinkedIn,E-commerce,Medium,9.609410475425634,1,0.3948223109410418,15.653021758793274,50.70777229279234,1.0,8.444211722310603,168.81687722654226,56.63622364981798
CMP_0543,Instagram,Travel,High,54.24492494863282,20,0.3104204008544793,57.37708180738627,15.393051718231824,1.35,2.893005713548332,224.8856096884873,95.0
CMP_0544,LinkedIn,Technology,Low,61.95890732705899,11,0.6240960490527512,23.113806722103725,7.442541108430595,0.8,2.7356662228896322,140.74845255227763,72.24721677485303
CMP_0545,LinkedIn,BFSI,High,43.72694904346354,12,0.34029506208636207,69.552024287324,31.003965894219036,1.35,5.480465798751949,250.0,95.0
CMP_0546,Facebook,Fashion,Medium,153.39542602987552,14,0.297816930102999,27.32344897918827,16.25210342545231,1.0,2.7574087468752606,131.20762597079857,84.86419606043158
CMP_0547,Instagram,BFSI,High,76.5101995503474,8,0.7947919819814273,67.41644395298812,2.873932248410176,1.35,2.1911832975604755,249.0396152153923,95.0
CMP_0548,LinkedIn,BFSI,High,155.734638947709,11,0.6000719634151627,22.22586480711407,5.1171945308029425,1.35,2.2533328985309753,105.93956444544467,80.07294907295271
CMP_0549,X/Twitter,Technology,Advanced,45.93519430529487,4,0.5556986298090173,62.43547143816957,17.447637591148805,1.65,3.0101494385872107,245.99873816191763,95.0
CMP_0550,YouTube,Travel,Medium,115.58220333593782,7,0.5598547993530631,31.854751598481254,19.087404540745116,1.0,3.6579233370715114,152.2156343103291,93.98104106264834
CMP_0551,X/Twitter,Fashion,Low,201.9566591308506,10,0.528772198035067,35.49257851680093,27.695740075639563,0.8,5.0711829218366695,183.0187571772861,94.57735996883764
CMP_0552,TikTok,Technology,Low,155.92182493247873,19,0.7934481290653148,25.820931871083452,10.063522886422218,0.8,2.8522527783366503,124.2368711470868,91.86709510181014
CMP_0553,X/Twitter,E-commerce,High,22.789199674819788,4,0.24707681896084327,14.760360888676374,48.91785542127797,1.35,8.023269967525515,142.78243353313144,54.17688489112262
CMP_0554,X/Twitter,Healthcare,Medium,44.5699175904863,2,0.23879528375991632,31.804227354739563,33.60638869635703,1.0,5.252637392822381,154.28153850809784,77.57715894612272
CMP_0555,TikTok,BFSI,High,41.424323631689965,18,0.3627236962824183,19.11840996591841,21.861990035272843,1.35,3.706406820873588,107.59427880956311,67.53373658855682
CMP_0556,Facebook,Healthcare,Medium,80.75368761033091,14,0.6078323295479905,25.456363843280233,20.998322429079614,1.0,4.437033025878777,161.0243796518627,91.24716992412499
CMP_0557,Instagram,Technology,Medium,94.54565542399172,16,0.9110687479756977,29.11806443383376,23.670486223535598,1.0,5.303412017634803,171.7465468006885,95.0
CMP_0558,Instagram,Technology,Low,27.9072318345672,11,0.7238167983010546,32.50861757492441,17.027887117351124,0.8,4.338573606970713,164.78726994459964,95.0
CMP_0559,YouTube,Technology,Advanced,57.64311494989367,10,0.6684885428448195,64.74510421028533,25.040051735289566,1.65,5.204264969823561,250.0,95.0
CMP_0560,LinkedIn,Healthcare,High,10.848839701077157,17,0.5340266137430949,21.37846818987716,10.592899058403486,1.35,3.677809381885085,140.8797458041974,69.35337923214813
CMP_0561,YouTube,Technology,Advanced,173.0457490028495,14,0.28349401720081396,34.64550365672153,43.546895697426024,1.65,6.7718109602873175,198.78143461586794,75.82708325182533
CMP_0562,Instagram,E-commerce,Medium,36.23772152815607,4,0.6529979648174329,38.89389781710991,32.180559719815825,1.0,5.674386583296537,196.3232849766121,95.0
CMP_0563,Instagram,Technology,High,57.09355007501251,19,0.9551934131670266,48.08693301019468,31.08130403847002,1.35,6.9853076873180555,229.16596633567858,95.0
CMP_0564,Instagram,FMCG,High,42.61815042330172,2,0.5019884688982943,41.52117219742985,31.6783832189414,1.35,6.675743970649539,202.3620416129338,95.0
CMP_0565,Facebook,Travel,Medium,136.56791818654418,7,0.43786532704921344,41.28656624389719,31.44143212641559,1.0,5.524959290996011,214.77304357282944,94.59558668916702
CMP_0566,X/Twitter,Healthcare,High,5.640624841548573,9,0.5029513607219414,51.97266287804563,17.21459971642393,1.35,3.492636532609139,234.69289994105895,95.0
CMP_0567,Facebook,FMCG,Advanced,53.87743400439604,19,0.669950227698484,15.993468940045723,53.48466781522161,1.65,9.40078592751832,183.7539345360335,84.67794040288781
CMP_0568,Facebook,Technology,Advanced,50.166375624642136,16,0.5723460370503864,11.823082867838052,7.788136575169297,1.65,2.05713000986154,82.98649416783778,60.846750712688554
CMP_0569,TikTok,E-commerce,High,37.98118440739219,16,0.7320028222229442,34.03512816029367,34.26271929445867,1.35,6.01989861971447,212.308312915547,95.0
CMP_0570,Facebook,BFSI,Medium,217.23533011617968,18,0.543309825150035,63.15654632831955,26.411920759575178,1.0,5.121269642846945,250.0,95.0
CMP_0571,X/Twitter,Fashion,Medium,26.846526155881463,11,0.5017976740708439,52.17575058747795,10.076997874468177,1.0,2.518013105437305,206.66594220214031,95.0
CMP_0572,YouTube,Travel,Advanced,101.234230103165,7,0.5958011959908491,69.93019050057663,79.26047634208736,1.65,12.665605470388266,250.0,95.0
CMP_0573,Facebook,Fashion,Low,72.60270869366607,9,0.44206956463386443,7.427163902037096,9.121400836231171,0.8,2.067172083975921,76.11641049733059,40.57670455961389
CMP_0574,LinkedIn,Technology,High,149.78716732529435,4,0.8981529882889276,29.226219273330237,41.37006035153354,1.35,7.579929316063691,203.73263610766463,95.0
CMP_0575,TikTok,Travel,High,32.01641474872756,13,0.714622879623323,36.88337280740773,27.864173265453065,1.35,5.720326978982614,194.4379225994075,95.0
CMP_0576,TikTok,Travel,High,30.375151238725017,4,0.33006028251886765,44.752303906105176,7.822234442007673,1.35,1.8253861611809585,180.22661288662795,90.48363762503229
CMP_0577,Instagram,E-commerce,Advanced,131.21745725203053,19,0.4008481656931724,97.22749353034057,48.59347732027091,1.65,8.139328158302135,250.0,95.0
CMP_0578,TikTok,Travel,Medium,76.7272592897582,2,0.6630674010332209,24.325453573788163,14.701473360113466,1.0,3.6873096300443033,136.91389276175988,89.62770466286247
CMP_0579,X/Twitter,Healthcare,Medium,15.863964011622398,9,0.5866635091992828,37.827505483425725,12.955671331802238,1.0,3.4455452097418573,178.80167958591903,95.0
CMP_0580,Facebook,FMCG,Low,35.46534379140852,12,0.6105023418696148,29.86360667331165,24.822864421691023,0.8,4.997832825146293,187.95293054235128,95.0
CMP_0581,X/Twitter,FMCG,Medium,74.37397803596251,2,0.5115745058767717,24.312228751661788,12.543193678824053,1.0,3.089181133446995,134.39367040298708,82.37026694897486
CMP_0582,TikTok,FMCG,Medium,106.72029829028271,6,0.6410346073050868,25.387071389651588,17.099605050559685,1.0,4.392726124205374,149.03802202661763,84.13362597702854
CMP_0583,X/Twitter,Healthcare,Medium,31.709473266247333,5,0.5162788262992585,28.827955642757082,20.43060630547186,1.0,4.38711427963723,155.12461298945428,83.08514576028381
CMP_0584,Facebook,Fashion,High,5.304710546303991,5,0.6626759086819182,65.56899308361265,26.118938789854667,1.35,5.308660562686579,250.0,95.0
CMP_0585,LinkedIn,E-commerce,Advanced,82.97825193558607,20,0.7046056462501797,21.49336805412668,48.32002582876589,1.65,8.704237099803798,185.0635006534844,76.03324883320109
CMP_0586,Instagram,Travel,Low,20.56814352567553,5,0.8713480673276321,10.550449611966517,5.807395085953253,0.8,2.3650437597732252,80.43392617843242,73.75479990689215
CMP_0587,Instagram,Healthcare,Medium,10.871329051454024,4,0.447060151410808,42.09744372534944,18.391136756200318,1.0,3.458859007285801,196.9569632272699,95.0
CMP_0588,Instagram,FMCG,Advanced,5.664050430335371,9,0.5477762736348919,47.081069916120505,15.740565734036824,1.65,3.4270404530202283,189.62426745205988,95.0
CMP_0589,Instagram,Technology,Low,104.70895959182614,10,0.3062037178207666,30.342352455863317,10.745182411936943,0.8,2.1181060854347344,144.105426743828,67.01197857836401
CMP_0590,Instagram,BFSI,Low,60.51516291467236,16,0.9152522834078187,40.37159080428028,23.307346925964357,0.8,5.892249908826111,206.16928556059187,95.0
CMP_0591,Instagram,Travel,Low,45.58026762889078,10,0.15490240855923176,30.578906127060385,21.10835639788142,0.8,3.5879160509942283,147.78127266614302,66.23506438295401
CMP_0592,LinkedIn,Healthcare,High,165.87251151511288,10,0.8865738777063619,5.274667264718238,11.230558508965375,1.35,3.544901805359981,83.46986441386191,67.57080887941072
CMP_0593,Instagram,Healthcare,Low,90.90906729406595,19,0.5686939164582283,26.292411354662033,7.611914400041429,0.8,2.631128220067141,126.69992345512904,88.65774142281921
CMP_0594,Facebook,E-commerce,Advanced,198.94731365688577,10,0.6336855860973294,52.15872330990595,53.62719581744255,1.65,9.366368630089193,250.0,95.0
CMP_0595,TikTok,E-commerce,Medium,17.918104428039133,6,0.5168661812540698,20.672670028559327,22.280945707780646,1.0,4.293119590256243,137.41646040476226,69.05768864977827
CMP_0596,X/Twitter,Healthcare,Medium,53.10969548951089,17,0.5562201316226584,39.344277125529565,44.335371565754805,1.0,7.840245490667769,240.173652560585,95.0
CMP_0597,LinkedIn,FMCG,Medium,14.978701619120047,5,0.6676169199489006,6.440535720038575,28.75468278259113,1.0,5.770382510661034,121.75020894085844,55.50799869226693
CMP_0598,Instagram,BFSI,Medium,45.44460603649829,6,0.22267050763574836,22.136226099552335,24.633885686377507,1.0,4.5604776355489,123.9342731830846,60.45696454749314
CMP_0599,Instagram,Travel,High,44.75071028953121,15,0.41957475258121946,92.85918743513534,19.608991186185403,1.35,3.3732607036438944,250.0,95.0
CMP_0600,Instagram,E-commerce,High,90.13341033515232,19,0.38098854323826836,7.221733451429489,29.331812707953137,1.35,4.939965008651209,93.54716267770253,37.615960001758815
CMP_0601,Instagram,Travel,High,56.625029507879574,18,0.6394809567071635,13.794880623210988,27.68660943104493,1.35,5.410078570268726,130.48591348612138,67.40903243653632
CMP_0602,Facebook,FMCG,High,89.90249648091998,4,0.5508732396807705,43.23946951458497,28.57406684833764,1.35,5.669024556432514,203.6912644030845,95.0
CMP_0603,Instagram,Travel,Advanced,95.84689805850971,8,0.6736191680857616,23.95600566871112,27.0274111913004,1.65,5.637523495788434,160.0285121994284,79.13220548481073
CMP_0604,Instagram,Technology,High,306.109518619865,16,0.5829550008362713,37.169527336831734,25.01386620570689,1.35,4.950490990779089,172.093807015741,95.0
CMP_0605,Instagram,E-commerce,High,42.4260548959254,19,0.7617177671631993,65.28615437909944,16.197127746838778,1.35,4.258794830284325,250.0,95.0
CMP_0606,X/Twitter,FMCG,Low,25.717760916775735,20,0.40194514179824925,30.273949504352366,14.260905405731286,0.8,2.7408638056911987,143.768079420358,74.82854861436164
CMP_0607,Instagram,FMCG,Low,66.47772254762157,3,0.5616311559700476,9.754177513745969,8.000821654223955,0.8,2.888392837416392,77.1977468690369,55.31952205060884
CMP_0608,Facebook,BFSI,Medium,28.736726632527038,10,0.7718726828005028,46.94861892874091,18.513407733895132,1.0,4.070046943617546,205.74766596892056,95.0
CMP_0609,X/Twitter,BFSI,High,178.6750181610973,2,0.7318652096041347,38.1597807570119,36.71863664876543,1.35,6.45735625071013,208.2691926211225,95.0
CMP_0610,LinkedIn,Technology,Medium,43.52892104743323,4,0.25407108870998246,68.71001055565077,39.58634639995143,1.0,6.627646954022763,250.0,95.0
CMP_0611,Instagram,FMCG,Medium,34.727743975831416,6,0.34577784220305585,39.87681113651737,5.8179673569224075,1.0,1.1342646667701788,140.27708952780358,89.24817051694659
CMP_0612,YouTube,Fashion,Advanced,37.44777977200546,11,0.5336418122590433,65.59046303642077,18.923513690971397,1.65,3.753142046130611,250.0,95.0
CMP_0613,LinkedIn,FMCG,Advanced,97.00222717213937,14,0.5030326654517446,36.04717624997488,22.79884680842303,1.65,4.382941622070346,191.41828761583173,93.59906779251521
CMP_0614,Instagram,BFSI,Advanced,48.125029876339575,16,0.536914654289617,112.02885787479218,64.85542727657361,1.65,10.926610063757565,250.0,95.0
CMP_0615,TikTok,Fashion,Medium,32.67683914405029,19,0.7092380600503693,45.52401738061075,16.311872242049258,1.0,4.169137203478043,186.31223844651626,95.0
CMP_0616,TikTok,E-commerce,High,206.90950713838376,2,0.6078766010004144,43.419263842647624,12.794137720966505,1.35,2.729967277980596,195.41757724331984,95.0
CMP_0617,Instagram,E-commerce,Medium,27.52415898267136,17,0.619538180603846,13.474167119865498,28.95584198510046,1.0,5.244795786830337,136.37023703112237,63.241089805069606
CMP_0618,Facebook,Travel,Low,56.17393499697787,9,0.6841227137206851,18.656288528212954,23.094882571029572,0.8,5.856535606885789,138.77728646390483,75.18844967952599
CMP_0619,YouTube,Healthcare,Low,92.00518381603895,17,0.7648348410291118,21.432500154734,28.774383447657392,0.8,5.7824812766458225,146.40985583386836,89.03081900225456
CMP_0620,YouTube,BFSI,Medium,14.804510704505429,15,0.0,20.61342928300264,45.728187605523665,1.0,6.3662221736224645,153.05816825626448,35.748067561240155
CMP_0621,Instagram,Healthcare,Medium,80.17473185881055,7,0.4726747103523894,8.640404528643547,5.393520528684237,1.0,1.4518096594242196,66.66037036772408,55.89979329749389
CMP_0622,Instagram,Fashion,High,23.474479671154533,19,0.3734064425480599,56.18221452325205,28.50026948842307,1.35,4.863623187230819,243.87556641337179,95.0
CMP_0623,Facebook,BFSI,Low,105.4488735619545,3,0.6450632271789706,18.01400023208324,25.942256308343335,0.8,5.182960851711506,140.12867653036793,74.36861839095063
CMP_0624,X/Twitter,Technology,High,25.276603131824853,1,0.4575792088830689,42.60556609561127,31.801398659049724,1.35,6.0431393275647265,207.3114691119414,95.0
CMP_0625,LinkedIn,FMCG,Medium,95.03214715639146,4,0.5651723233830245,27.51891699131838,9.587652703444425,1.0,3.0586582561633655,128.54308951148357,79.18642401762716
CMP_0626,Facebook,Technology,Medium,132.24634760926156,18,0.7204286152805016,40.03842203414494,10.910905213466656,1.0,2.8301507408087634,165.32110194940046,95.0
CMP_0627,X/Twitter,Fashion,Medium,108.7606091384029,8,0.42940281224436805,23.685029412331524,14.194521748764272,1.0,2.8175910370162613,116.69772603722242,71.97270170668787
CMP_0628,YouTube,BFSI,Medium,66.75660999971072,19,0.6225631345424438,25.489544011045517,35.361558114876516,1.0,6.593912031205913,179.86934958025023,82.35805577419673
CMP_0629,Instagram,Fashion,High,45.37490712070191,6,0.8607655646320856,89.58763922325886,48.20416849482977,1.35,8.734345828793742,250.0,95.0
CMP_0630,Facebook,FMCG,Medium,34.42779867063318,1,0.7163230919743161,40.818362383414765,31.733454015499863,1.0,6.550513088315003,227.64471364600684,95.0
CMP_0631,YouTube,E-commerce,Low,177.12005024777434,8,0.23284452866400446,29.753789357452096,3.321443044198599,0.8,1.7039203204226603,140.52493792608536,68.6748524984787
CMP_0632,TikTok,E-commerce,Low,31.199554749551087,1,0.49165065974477984,30.393226856391376,11.953454243315294,0.8,2.782719523363036,148.5159351744726,83.85269492741382
CMP_0633,X/Twitter,Fashion,Medium,23.81575034843395,19,0.6211632670553993,35.6473221424265,26.223783567984153,1.0,5.274422432760561,172.4125984207636,95.0
CMP_0634,X/Twitter,Healthcare,Advanced,92.97170020985978,11,0.6605567712443859,7.8843517233412745,35.54165243916845,1.65,6.476572690499759,117.19339927711002,60.66445497610667
CMP_0635,Instagram,BFSI,Medium,28.878303159998758,15,0.4995301923425508,65.70818685658045,30.718087467307562,1.0,5.707497215611612,250.0,95.0
CMP_0636,Facebook,BFSI,High,25.53242471898961,11,0.4220422218020934,64.90454368850389,18.282986271763885,1.35,3.2684794130089387,250.0,95.0
CMP_0637,X/Twitter,E-commerce,High,17.20356432011252,19,0.5635525869697938,27.94231468918143,11.683448321064994,1.35,2.5948886256831996,125.53012260130899,87.98285423712667
CMP_0638,Instagram,Travel,Advanced,37.1020464485944,10,0.3326230592210112,15.59734207971269,63.540546572880544,1.65,9.651244827248822,197.40678946699202,54.720387383292305
CMP_0639,Facebook,Technology,High,51.102222064009204,12,0.7699468532089037,68.76643905423349,14.356125594679703,1.35,3.938089234199988,250.0,95.0
CMP_0640,Facebook,Travel,High,66.31879771561475,1,0.9237361947896336,47.97035420694354,16.828438012316088,1.35,4.788380669740153,218.06377815576246,95.0
CMP_0641,Instagram,FMCG,High,116.86798862553313,7,0.6289387936900248,55.16079070856722,24.661387002807814,1.35,5.266277917465731,246.72199912666503,95.0
CMP_0642,Facebook,Technology,Advanced,83.22254951519628,17,0.5035122892941772,47.70530118138148,10.695368890195635,1.65,2.6395020654909653,189.6350670456993,95.0
CMP_0643,Instagram,Technology,Medium,46.86645734415065,10,0.7381801999827293,56.10501815035432,24.343267140980764,1.0,5.0338523568242985,231.36904451066272,95.0
CMP_0644,Facebook,Fashion,Medium,46.59268054272488,6,0.7043858448717348,17.723098050419235,6.929732534944673,1.0,2.420410609918481,114.62506368948443,79.97520857529668
CMP_0645,Instagram,E-commerce,Low,82.11543285744031,17,0.4948918507789152,9.723974114907724,59.7264681618157,0.8,9.642961991337451,158.5403343420592,60.6013894878258
CMP_0646,TikTok,Travel,High,151.11726583318236,18,0.5404312861300493,54.23808222423246,17.02817744813592,1.35,3.9173633917492534,236.02096899799068,95.0
CMP_0647,X/Twitter,Travel,High,60.403760297652575,5,0.4280931321743808,37.41440060096004,33.41594479722583,1.35,6.183101193462933,202.18670281685456,92.44268322198718
CMP_0648,LinkedIn,E-commerce,Low,37.513291742123016,18,0.582936964987194,40.881691969313636,17.274788672918017,0.8,3.43835262111247,177.61402366566915,95.0
CMP_0649,YouTube,Travel,High,24.672942531594966,17,0.6097818280090497,66.61261445744088,48.00690739428274,1.35,8.140305775759733,250.0,95.0
CMP_0650,X/Twitter,E-commerce,Medium,17.18154406886758,16,0.39397346914586084,23.16944462749502,14.82666528269022,1.0,2.6142015516999777,103.06381316978181,63.51940429986451
CMP_0651,Instagram,Fashion,Low,93.03871879446858,8,0.33506473167442063,23.2856180367532,18.54679208211403,0.8,3.375784303097325,125.91291762785241,68.2537156069596
CMP_0652,X/Twitter,Healthcare,Advanced,86.69383889427218,13,0.28479691759318687,27.83867873954451,12.513297184384399,1.65,2.4400756061322597,127.91992062014889,60.98327903540372
CMP_0653,X/Twitter,Technology,Medium,86.65119611824534,16,0.6333069325224085,27.249610097739094,5.375919964452418,1.0,2.092937148156318,141.22630318148794,84.61356979143439
CMP_0654,YouTube,Fashion,Low,49.25803211343954,11,0.5477034860759789,21.220549768744757,24.878614371704618,0.8,4.427555798014636,137.51013529104713,66.86214527346357
CMP_0655,Facebook,BFSI,High,168.26629213148178,6,0.5332851706290347,10.678356206352259,35.47417246772911,1.35,6.168058857525225,137.46717872974133,53.488586596521905
CMP_0656,Instagram,FMCG,High,37.06618892429065,3,0.6429051844688667,36.96891136648236,48.950041929499385,1.35,8.409211466841475,216.79837681488192,95.0
CMP_0657,Facebook,Healthcare,Low,117.23909419824022,1,0.36980760486232467,12.701933095537349,25.46906307888949,0.8,4.7792527056709355,115.97530125945813,48.21172748204999
CMP_0658,Facebook,BFSI,High,52.93187365663097,18,0.3359494529657614,25.182153116536693,6.187243230129903,1.35,1.3011848287796164,116.66772414344621,72.50200291214058
CMP_0659,LinkedIn,Technology,Medium,33.55948004745444,5,0.5982163837937717,46.19465937241012,13.166335436312718,1.0,3.187689941458409,197.95874147462325,95.0
CMP_0660,X/Twitter,Travel,Low,87.70897624528719,13,0.20426420808388868,29.02689275657209,11.255627821908261,0.8,1.8843089624482108,131.19391152921105,73.00223561626083
CMP_0661,Facebook,E-commerce,Low,75.770489400307,10,0.4982030938131552,13.04019076304974,27.161382451214067,0.8,5.013135878518167,116.78380161512058,61.19773592956589
CMP_0662,TikTok,Technology,High,72.64453818922927,5,1.0,20.583194026866124,25.302861867985303,1.35,6.079100737392561,142.75542531053728,95.0
CMP_0663,LinkedIn,Fashion,Medium,58.26623334441716,14,0.28029250742949513,24.69777750844236,26.090517306044806,1.0,4.10250905034698,129.65865075554802,63.055042248240085
CMP_0664,Instagram,FMCG,Advanced,52.96787165890284,17,0.46405152801385535,52.12067900994913,28.87842462564327,1.65,4.477751717218782,237.16177061008307,95.0
CMP_0665,Instagram,Fashion,High,368.96345245444127,1,0.12542143926204635,52.131570648311985,55.37108078013027,1.35,8.154883065242702,250.0,93.16752408747686
CMP_0666,Instagram,Healthcare,Advanced,140.809134334846,2,0.5032543883555711,38.585382599589195,52.60556197397205,1.65,9.02253837031708,239.76322096224564,95.0
CMP_0667,Instagram,Healthcare,Medium,97.3450142666444,7,0.943307285653062,69.67250156820539,10.337650218314142,1.0,3.078010482535247,250.0,95.0
CMP_0668,Instagram,FMCG,Advanced,59.7064065217235,10,0.6433834873580802,43.56709115663547,22.908707713580437,1.65,4.50927149276425,195.8781766909698,95.0
CMP_0669,Instagram,BFSI,Medium,122.2081526909537,20,0.42724413817580503,17.448515244227256,24.78339663436993,1.0,4.708179571985909,114.21822875171522,60.95199977699607
CMP_0670,Facebook,BFSI,Medium,82.63190137123321,7,0.9862821290542199,64.79566700355021,34.864338072090234,1.0,7.44338601305084,250.0,95.0
CMP_0671,Instagram,Healthcare,Low,55.75481655530693,16,0.201529478096318,27.217498560370732,15.80299470680364,0.8,3.083312792826103,118.26662635701055,66.67085475937431
CMP_0672,TikTok,Healthcare,Low,42.82613468812069,5,0.6407886319514038,10.991031425696661,10.582127259038797,0.8,3.0351031021790793,96.27299305576432,63.05960845167692
CMP_0673,Instagram,Travel,High,51.175767544909675,12,0.5629825574185874,24.123635409110406,18.879604327720973,1.35,3.6201786204656403,146.7017666314214,79.36416560902157
CMP_0674,X/Twitter,E-commerce,Medium,4.3217456716692615,17,0.5005950638179167,8.484650497288486,25.99454657250771,1.0,5.382261106400455,111.45558586041463,57.92640236314328
CMP_0675,Facebook,Travel,Medium,64.61720272806456,16,0.711418294745769,39.78575754689781,11.291394404531621,1.0,2.8336756877937015,171.61158047644727,95.0
CMP_0676,TikTok,Travel,High,36.93719861876256,20,0.31360411834493995,46.05755544026372,6.366743454296803,1.35,1.3913615552167289,177.1981929757826,94.25908785893445
CMP_0677,Instagram,BFSI,Medium,195.2217317807749,16,0.6125245267744659,41.07114467616556,11.805248090550602,1.0,2.9941876504749056,175.15273796494137,95.0
CMP_0678,Facebook,FMCG,High,55.44964195235635,19,0.5871316645529033,31.769092772163688,30.69959335397385,1.35,5.862821070420548,195.48737431851674,95.0
CMP_0679,TikTok,BFSI,Medium,21.090638401459735,15,0.3757974673772574,32.99597353821013,31.18471562507998,1.0,5.860882313556678,200.51360968429944,71.2376932389682
CMP_0680,TikTok,E-commerce,High,52.46235562538155,12,0.9399991160834635,38.448357769330734,10.217790523811228,1.35,3.2228293847227034,179.44260285069754,95.0
CMP_0681,YouTube,Fashion,High,23.64385220153123,10,0.5136325473276722,9.11879521882847,37.88790943978532,1.35,6.824576173376409,112.74351794476277,49.45926710224905
CMP_0682,Facebook,Healthcare,Medium,79.73637913799197,2,0.5222699255610584,22.3912888050891,11.051745161901424,1.0,2.514141751142817,124.0945543570954,76.9226853650548
CMP_0683,Instagram,Healthcare,Medium,68.90700841326003,7,0.34446456494085165,22.838419435636098,16.376464964185576,1.0,3.6276502648717717,144.88144831879646,69.68843299449874
CMP_0684,LinkedIn,E-commerce,Medium,117.48042275914247,13,0.5173319097767236,32.77597606174984,4.037198110077563,1.0,1.768408086280182,145.63107830835915,93.30010536114025
CMP_0685,TikTok,Travel,High,28.99996336310148,3,1.0,34.164436013788986,25.615174246732757,1.35,6.229056629460915,207.09317511391708,95.0
CMP_0686,X/Twitter,FMCG,Medium,56.103964415931905,15,0.49945762800568305,55.705692650497106,28.97391508777955,1.0,4.999181535922799,239.813829843556,95.0
CMP_0687,X/Twitter,Healthcare,Medium,18.319802225908347,1,0.6537403886027287,39.73118663550001,15.25551023440298,1.0,3.4274720444404805,175.58172219347318,95.0
CMP_0688,Facebook,Technology,Low,95.69784936580417,3,0.7401095463987025,29.097800435137852,36.87070400266371,0.8,7.085422244943638,205.42159904301548,95.0
CMP_0689,YouTube,Travel,Medium,82.68985683214824,10,0.5137195377719809,38.70843096416559,12.781996537201826,1.0,3.3362674920074187,182.81798932289968,95.0
CMP_0690,Instagram,Healthcare,Medium,81.17797908244482,15,0.46808193954324007,32.63154504891803,13.56670381405925,1.0,3.268850754679263,154.64863533022108,79.31505881833607
CMP_0691,Facebook,Technology,High,54.66891274361813,6,0.6444527762452347,62.52644358550256,21.308223701691187,1.35,4.93526732426004,250.0,95.0
CMP_0692,Facebook,E-commerce,Medium,76.08250264664902,20,0.5017483262231199,7.469309703763021,12.843636776052252,1.0,3.3324423178174087,82.59126130469626,43.99182933547662
CMP_0693,X/Twitter,E-commerce,Medium,197.05271596002265,15,0.4836309854427472,32.5983247818837,10.796423024315741,1.0,2.8203439096245306,148.65727813700605,89.53916481594504
CMP_0694,Instagram,Travel,High,43.463634257071384,7,0.7379779788518925,15.417662278486798,43.93554801496129,1.35,8.11229957612774,163.65691363281474,78.44151574816264
CMP_0695,Instagram,Healthcare,High,61.00257930500986,5,0.53611538261739,25.113959505461416,47.569911235755654,1.35,7.873233436239576,221.25329423274314,85.74574928564013
CMP_0696,LinkedIn,BFSI,Medium,22.89913096365816,4,0.7926479676529481,26.372716209835925,12.175988599108333,1.0,2.768313756430251,125.30039400407537,95.0
CMP_0697,Facebook,Technology,Medium,27.259204141005178,18,0.5316146623513757,33.07850891156287,32.78572638890659,1.0,6.01838963409364,173.51943464065292,81.36982891803146
CMP_0698,X/Twitter,FMCG,Medium,59.042093252037645,3,0.28656088832946197,12.833265912669255,16.413141287258586,1.0,3.2758875924265225,91.18456258459028,47.16002329080715
CMP_0699,Instagram,Healthcare,Advanced,132.0455366029926,17,0.0,35.680381994621335,27.566893718343167,1.65,3.317757328196558,172.39803426839217,65.18358413774595
CMP_0700,X/Twitter,FMCG,Low,44.47713961237316,18,0.18237031062946202,46.52624152321231,39.477730069730256,0.8,5.934162802551314,236.80701890062866,95.0
CMP_0701,X/Twitter,Healthcare,Advanced,45.20767062578234,18,0.2168079067471475,68.9178932115533,35.391071137287376,1.65,5.437318597291416,250.0,95.0
CMP_0702,Instagram,BFSI,High,39.42861431641863,2,0.6033075861655794,45.51042832929666,47.163172565202075,1.35,8.224807939419565,250.0,95.0
CMP_0703,Facebook,BFSI,Medium,35.59462571230992,13,0.3557334613571723,19.911152034609028,13.737051446236665,1.0,2.8029904331534734,122.02724676391665,65.69590406601665
CMP_0704,Instagram,Travel,Low,69.12919634145267,15,0.1551737247871683,27.052698671302398,21.07560292621282,0.8,3.79611967738606,145.63666077153277,56.228693932446745
CMP_0705,Instagram,Travel,Medium,16.480764020222118,5,0.5238188623050125,16.480656248159658,11.031381799974833,1.0,2.3075738634693415,86.89212672170831,67.73512435617266
CMP_0706,TikTok,BFSI,Medium,152.13247104610835,3,0.3336343865738291,33.495758019982205,20.326931976980184,1.0,3.8195765997525943,158.18468303292875,72.9018428186074
CMP_0707,Facebook,Fashion,Low,32.06169968399308,5,0.6426198275847931,33.623025868402294,19.432355694870758,0.8,3.7839681269847802,180.35667800515083,95.0
CMP_0708,YouTube,BFSI,High,97.27312936914352,5,0.6376537294533658,39.272647133578694,37.59000327409153,1.35,7.164540916073139,219.2560452042223,95.0
CMP_0709,Facebook,E-commerce,Advanced,19.76674780404493,5,0.658817256436636,22.535610695735127,29.22637973668545,1.65,5.557100393946173,154.81884942083263,77.13897062496603
CMP_0710,LinkedIn,E-commerce,High,93.23023737585031,3,0.03834389454117859,74.60088110741474,22.996028484798426,1.35,3.162448465100138,250.0,95.0
CMP_0711,YouTube,Fashion,High,93.4620700665319,3,0.5590818252759764,20.249914933273594,21.403327897848115,1.35,4.126985353024294,127.90333134453972,79.34447959865349
CMP_0712,X/Twitter,Technology,Low,74.24434829930838,20,0.5257195199863881,31.21915062469511,13.440003848290658,0.8,2.732837021013844,174.6912805795016,89.3711390443211
CMP_0713,X/Twitter,FMCG,Medium,24.64212021278341,18,0.30567114404444085,28.494777027477816,33.55674766477057,1.0,5.672501185766667,191.44808025119647,67.66845331091031
CMP_0714,Facebook,Healthcare,Low,66.6622317340902,20,0.12251384749270983,3.7244967576074233,10.939014748142602,0.8,2.073099523343637,58.59262592770082,19.098656829215564
CMP_0715,Facebook,Healthcare,High,21.190544164752062,4,0.5282630157725148,67.09515745581568,16.285335233687157,1.35,3.8086935064181238,250.0,95.0
CMP_0716,TikTok,Fashion,Advanced,44.60247701438989,1,0.762823210751241,64.85774614961063,48.36040008656836,1.65,8.624052997854712,250.0,95.0
CMP_0717,YouTube,E-commerce,High,124.4035206269397,16,0.033648479484945315,49.878481088253,28.311017563122974,1.35,4.73033498779568,249.65839059570388,87.93970445262345
CMP_0718,TikTok,Travel,Low,103.27151022876347,8,0.3834958254192007,28.991682430293164,31.785403864259866,0.8,5.527492690366399,179.97537364746762,74.43240203427229
CMP_0719,Instagram,Healthcare,Medium,55.265362388683045,17,0.5763070225972327,21.390862735914087,6.951698049129893,1.0,2.5749054094812265,128.4713070809462,65.60372145518026
CMP_0720,YouTube,E-commerce,High,25.031993313832174,8,0.7749839988387263,26.178217662504558,8.465834271573682,1.35,2.772664480200464,110.67918440441562,92.50018287221674
CMP_0721,TikTok,Technology,Medium,91.51200535491476,7,0.4875256971637365,8.167790483826023,25.0554878391692,1.0,4.664086228467142,104.33345534467799,57.19305061604701
CMP_0722,Instagram,FMCG,High,55.45129068929656,8,0.9362005896061567,48.874584927402964,16.981620853138,1.35,4.593173940484219,215.60935058351464,95.0
CMP_0723,Instagram,Technology,High,8.5313492107427,12,0.19093869214395665,31.064451083416078,19.58639800335591,1.35,3.4122231976978186,159.7504772286956,64.18614495592772
CMP_0724,YouTube,Fashion,High,102.11543213975862,16,0.14661241567221045,13.294894622576098,32.62849206389687,1.35,5.021273456836575,125.3667374869533,40.40571424481938
CMP_0725,X/Twitter,BFSI,Medium,53.549889473475716,12,0.7535430099447378,12.868677269316326,17.10744567513704,1.0,4.419781961932053,125.48075253809225,86.1593291821947
CMP_0726,YouTube,BFSI,Medium,142.87369645323471,19,0.0800751495946459,18.457301475613164,15.659162744558104,1.0,2.2220168938740676,112.48403051308235,48.49522867329004
CMP_0727,Instagram,BFSI,Low,22.73222644573858,10,0.64230646726013,47.87508076393996,19.459464912350676,0.8,4.377064553279357,202.05644211938278,95.0
CMP_0728,YouTube,Technology,Medium,4.300094286031524,7,0.49109351230123766,5.10884120580215,18.87221649374944,1.0,3.973363100466918,64.49886577777798,45.805945725073535
CMP_0729,Instagram,Healthcare,Medium,68.25611906499711,12,0.36979987951200044,9.477404478931215,21.96005118884147,1.0,4.352985363445721,98.61712283796417,47.69251277605994
CMP_0730,Instagram,FMCG,High,68.940991382036,20,0.46466655830622566,51.747747065837764,60.72272372348458,1.35,10.363001641759993,250.0,95.0
CMP_0731,Instagram,BFSI,High,14.118171096253665,5,0.2921856212741123,41.10606982032926,34.47787431590193,1.35,5.7014696495687005,218.0775398705575,83.17399833579
CMP_0732,YouTube,Fashion,Low,24.958148531016995,16,0.4863331889167448,41.95838787811391,4.385551312795373,0.8,1.640336356005479,166.2309840854308,95.0
CMP_0733,LinkedIn,Fashion,Medium,494.8101704501387,9,0.5534838668709717,28.296841835647463,50.62501883729239,1.0,8.690457114750314,215.31786433546733,89.17212795338186
CMP_0734,X/Twitter,BFSI,Low,42.75608432625653,7,0.4667556047107727,34.10800345851257,25.51024348391783,0.8,5.283720182032089,193.95227568985507,87.64743323299678
CMP_0735,Facebook,BFSI,Low,97.98037280388473,20,0.43301274356374597,40.261077654777324,13.975211955649591,0.8,3.1576006241853567,179.35682814053044,95.0
CMP_0736,TikTok,FMCG,High,32.4425923469305,14,0.6008273990081099,41.75926716613972,13.029790625692595,1.35,3.469256349486279,193.1255483192349,95.0
CMP_0737,Facebook,BFSI,Low,10.254920928031401,11,0.881914359158966,15.748837598048038,15.479092764151588,0.8,4.010377812633586,122.47096543616681,88.3585993852917
CMP_0738,YouTube,FMCG,Medium,47.64574849754338,7,0.4967593196035209,12.852759836736627,6.338669825396525,1.0,1.606313358683729,77.48515314595872,60.08171067396451
CMP_0739,Facebook,Fashion,Low,44.146619330878124,10,0.7139981010008436,13.033341248705948,14.542083458152433,0.8,3.328668026277871,113.83761927469726,74.26993293525196
CMP_0740,Facebook,BFSI,Advanced,39.650256178860865,9,0.3567646003989313,29.222079124658915,19.844847955326994,1.65,3.9940058442486417,143.60960897803423,81.01638690344511
CMP_0741,X/Twitter,Technology,High,49.81356475578133,4,0.28318373983502537,25.3902105926976,43.26588936608147,1.35,6.836768128679998,194.71622858259184,58.36298315476461
CMP_0742,Facebook,Travel,Medium,67.45189096450828,16,0.6406630774628048,8.829354320592639,11.638051531076794,1.0,3.9855804018938548,104.76617431682811,62.476432805817076
CMP_0743,YouTube,Technology,Medium,48.419684665149404,10,0.50329309128333,3.9621861711311706,20.8956494944792,1.0,4.019238720354942,101.71024043734481,55.98852487176582
CMP_0744,X/Twitter,Fashion,High,19.861735979385433,19,0.7758994683286166,74.17351550161594,13.879218985010626,1.35,3.739045768894483,250.0,95.0
CMP_0745,Instagram,FMCG,Advanced,80.55561643391682,17,0.815084703138752,32.55153725478689,22.922279370809946,1.65,5.173334789060866,176.22183509953607,95.0
CMP_0746,TikTok,Technology,Medium,11.478808493522726,9,0.7178169684854974,18.548721973209034,36.32119170746462,1.0,6.937656109452966,163.72063272024195,76.89203561714893
CMP_0747,Facebook,FMCG,Advanced,10.587923235243107,13,0.7134716660800368,104.99407858703684,20.766776346201166,1.65,4.175995795456769,250.0,95.0
CMP_0748,X/Twitter,Technology,Advanced,98.62693470567929,1,0.0,61.09467451241226,7.343433988455023,1.65,1.175841118018187,213.07428971452765,95.0
CMP_0749,TikTok,Technology,Advanced,81.90960144171692,2,0.6389044999134058,98.49816368202119,14.765384501967882,1.65,3.564316615970481,250.0,95.0
CMP_0750,LinkedIn,FMCG,High,52.147889349374566,13,0.7225759658930009,26.673563402082813,32.29317582567767,1.35,6.1993216034926295,186.87134886456528,89.64760890806565
CMP_0751,Instagram,Healthcare,High,17.879256680387588,9,0.2956434795676514,18.706175413114103,31.989705049663403,1.35,5.945182631861078,148.8705444671013,66.16765681537635
CMP_0752,TikTok,Technology,Medium,30.99020687942749,7,0.5517545023179573,25.980080359292593,16.216044429974467,1.0,3.037344287014551,120.74027030513545,83.80766263548793
CMP_0753,LinkedIn,BFSI,High,44.24766500666985,16,0.3414543571315527,41.64448848564292,33.54278523589542,1.35,5.260944756347448,228.612732709145,93.21784240567769
CMP_0754,Facebook,Travel,Medium,15.230268937272788,19,0.7555021189601756,7.993928889925052,29.474359162100214,1.0,6.158270870323527,108.29257716766779,59.15899179214858
CMP_0755,Instagram,Fashion,High,30.228254714985802,7,0.3588003869847005,47.017422700957745,33.84086344824853,1.35,5.767590047236426,218.083183364719,95.0
CMP_0756,YouTube,Healthcare,Medium,92.0069640648558,6,0.39142757861267063,27.22004893557536,40.023608828392646,1.0,6.52242626349105,172.67438542186824,74.01099935580295
CMP_0757,LinkedIn,FMCG,High,171.03090846584553,18,0.457189966788797,72.06170128135298,21.79978289616025,1.35,4.242852224159805,250.0,95.0
CMP_0758,X/Twitter,Healthcare,High,39.03474698769581,19,0.9998820443800549,69.03376479485514,48.54539812411389,1.35,9.56938697737446,250.0,95.0
CMP_0759,TikTok,E-commerce,Low,100.00204976748617,11,0.7509344540152394,38.24712433953695,8.820690667353267,0.8,2.335712361883377,188.8693441361038,95.0
CMP_0760,YouTube,E-commerce,High,11.807700974120234,12,0.8725207717827769,28.121437014658788,26.99625666307723,1.35,6.011341678357329,167.5502097366353,95.0
CMP_0761,Instagram,Technology,Medium,92.53259796704018,10,0.18737602890395183,5.718373377947877,20.788797123663887,1.0,3.592319664987947,91.20583291692935,30.716620615946006
CMP_0762,Facebook,Technology,High,28.69839701925232,13,0.2961410507654867,39.49474127826894,58.88790761349103,1.35,9.356622575414065,250.0,91.3156075255824
CMP_0763,Instagram,BFSI,Medium,69.81692740737023,12,0.8177159287435395,10.558481899799464,3.3618895878204658,1.0,2.213396461555877,73.99856315677836,66.5608191605728
CMP_0764,YouTube,Travel,Medium,44.781632450515474,10,0.19796777035466517,3.9062226491551173,19.01152505188423,1.0,3.326406802914451,70.63910848223082,21.454908267575988
CMP_0765,Instagram,Fashion,Advanced,157.01340876172785,20,0.4156631658300668,17.113602379326526,43.88652444825138,1.65,7.579262660360598,165.34619322593375,65.22923061937976
CMP_0766,X/Twitter,Healthcare,Medium,27.124882534558697,18,0.9610682681255713,57.285884471028666,39.76980336156249,1.0,7.59208086649307,250.0,95.0
CMP_0767,YouTube,E-commerce,High,90.20501624995401,4,0.35730705393906204,22.55261581304645,44.720886808656495,1.35,7.748989083392023,162.48342870760032,56.73505418011604
CMP_0768,TikTok,Technology,Medium,43.65832690405919,5,0.18580050945695498,26.896594916213186,30.099015782126465,1.0,5.184150036234041,176.4221957880093,61.55391175949188
CMP_0769,Facebook,Fashion,Medium,48.10353261683157,5,0.5594949008752657,9.782801464643812,10.835064752980387,1.0,3.0507796113945167,87.5390748407068,50.74608016171528
CMP_0770,YouTube,Healthcare,Medium,47.13033672323133,12,0.19405140516775143,43.264690390515234,16.96628134578574,1.0,2.41549140627916,173.13689870525025,83.21927531818754
CMP_0771,Instagram,Technology,High,27.756263221593866,3,0.7974500145945833,72.04169509389814,33.40771912912302,1.35,6.949369060766203,250.0,95.0
CMP_0772,YouTube,Technology,Medium,53.985788028875504,8,0.3710282501020612,60.68452585534667,23.886575190636524,1.0,4.214401812311849,249.46840507127098,95.0
CMP_0773,Instagram,E-commerce,Low,51.92920882372416,2,0.330952194217616,12.827459490247819,8.72155583127775,0.8,2.129365389514245,89.95950017505014,48.17588302487718
CMP_0774,Facebook,E-commerce,Medium,66.22064012576197,18,0.5558764705328004,19.274298672342393,18.071789678345695,1.0,3.228004577208748,107.56726001251785,71.28100224395244
CMP_0775,YouTube,Technology,Low,58.41683486646697,9,0.4691124295049088,37.69303920186777,14.623868686267839,0.8,2.9268510774391108,164.42612952836615,93.22303134597617
CMP_0776,Instagram,FMCG,Advanced,103.37835833056056,13,0.6004698387361641,67.75043801291005,66.8322417165224,1.65,11.477890789139392,250.0,95.0
CMP_0777,Instagram,Technology,Advanced,114.29775083097351,7,0.6543008898805401,54.28265524644519,13.483003939650189,1.65,3.4888508661813447,205.03853036377876,95.0
CMP_0778,YouTube,Fashion,Medium,23.55884520555511,10,0.5065424513046212,68.16541853332228,32.78674164078747,1.0,5.607108770575424,250.0,95.0
CMP_0779,YouTube,Technology,High,109.40077788979569,9,0.3177102780027937,58.28167186361915,31.074950529171446,1.35,5.500719134849157,250.0,95.0
CMP_0780,LinkedIn,BFSI,Medium,21.135008967442136,15,0.696101657012953,55.62934872797093,3.3943833294127232,1.0,1.6565173977824275,212.8507394683681,95.0
CMP_0781,LinkedIn,Travel,High,87.38159793152579,5,0.41131803637953435,52.6659521194333,25.94173298878178,1.35,4.634072593920411,236.07685307525514,95.0
CMP_0782,X/Twitter,BFSI,High,89.63904792333865,12,0.3761822050988597,52.019575731308,26.991504162530916,1.35,4.450051998367702,242.14367189935285,95.0
CMP_0783,Facebook,BFSI,Advanced,11.833641937162042,1,0.5785321230312103,6.9191963514058035,18.417200413672965,1.65,4.022649243686093,68.87994141024825,48.5285670778097
CMP_0784,Facebook,FMCG,Medium,58.81420440376732,12,0.16426751614886576,21.3218262649682,42.60956794388698,1.0,7.046175647155723,162.3504514772277,49.560136772708105
CMP_0785,Instagram,FMCG,High,37.53234555435892,6,0.6281752066294106,42.958079653902274,88.29011257412166,1.35,14.765358762621156,250.0,95.0
CMP_0786,TikTok,Technology,Medium,29.754720558862775,19,0.5891524007768378,26.73594421795992,7.668936017199457,1.0,2.056336380040066,137.8038015590463,86.54710517260513
CMP_0787,X/Twitter,BFSI,Advanced,160.88371944296767,19,0.774363928054604,20.313158929813042,24.331930699925458,1.65,5.184663340784204,132.09222191330784,82.39426422395049
CMP_0788,Facebook,FMCG,Low,32.3643234326894,16,0.44992157208312133,17.200381939994283,18.986172973482457,0.8,3.2759982184062237,102.87749461501821,67.25767545296668
CMP_0789,X/Twitter,E-commerce,High,28.642695569363863,19,0.8149663064044534,20.579488173036893,38.13924584788993,1.35,7.760122238027477,188.00615141153986,83.44369759042753
CMP_0790,TikTok,Technology,High,58.006550974475346,3,0.6559285801003751,28.06841945413641,15.381687415271404,1.35,3.62483715144325,170.74415007907675,95.0
CMP_0791,Instagram,Fashion,High,94.48790123450303,10,0.5446421651113522,49.33270599226774,21.00792182865201,1.35,4.435469865683572,238.28313598692097,95.0
CMP_0792,X/Twitter,Travel,Low,48.748826784334575,18,0.9133391851012076,24.046279540888726,18.343856103590937,0.8,4.6380014677056955,164.95255613180518,95.0
CMP_0793,X/Twitter,Healthcare,Advanced,138.80865978875505,13,0.5690425461693568,35.87489645093527,20.329860859268916,1.65,3.9997288673946,179.93261538636364,94.20534528787964
CMP_0794,LinkedIn,Technology,Low,83.49448064158074,18,0.44632653447446985,22.675961344309542,22.87085610908719,0.8,4.157122366856363,139.23739874329186,74.94639309375897
CMP_0795,Instagram,Healthcare,High,9.558501273459157,3,0.5747679986142983,92.64644979240661,24.797640567937574,1.35,5.005905349165146,250.0,95.0
CMP_0796,TikTok,BFSI,Medium,35.74557299606959,3,0.44220616657720346,16.956302267223258,9.920391362918966,1.0,2.8635454820150823,101.97181256253083,62.36976623168388
CMP_0797,TikTok,Travel,Medium,34.83164527363954,12,0.6247293361189388,32.68976524810087,32.969900195917155,1.0,6.092077994761305,181.07080378134384,95.0
CMP_0798,X/Twitter,Healthcare,Medium,80.11705580000425,20,0.8141374563995012,16.3945675679646,48.350351793081906,1.0,9.23307236592761,182.81439961683287,81.77228798524106
CMP_0799,LinkedIn,BFSI,Medium,6.686873027305141,7,0.5483991935021482,62.90942080911394,42.837946541375615,1.0,7.79929623330421,250.0,95.0
CMP_0800,TikTok,E-commerce,Low,419.560513491732,8,0.5680279320146656,9.217116917604006,6.766268404748611,0.8,2.055187128033706,64.62962420265359,54.7274550588643
CMP_0801,YouTube,Healthcare,Low,83.49784940658502,9,0.7095662389058575,11.093490395413792,19.021054545764915,0.8,4.602343876641575,117.01488784896875,66.68661017790348
CMP_0802,Instagram,Travel,Medium,61.50395262879642,14,0.7874480048216261,46.76434453346571,28.737730664694254,1.0,6.191334299768797,232.08821226031998,95.0
CMP_0803,X/Twitter,Technology,High,140.5065593059004,5,0.45947294695683527,53.99733899032559,26.524316102793367,1.35,4.253994841424488,234.88540191289718,95.0
CMP_0804,LinkedIn,BFSI,Advanced,355.9973340676948,19,0.584467201240726,85.90776308420017,38.61313612791455,1.65,7.171388400568703,250.0,95.0
CMP_0805,Facebook,Technology,Low,109.57369270856135,16,0.7104524614893499,27.134720844143715,8.053713445120323,0.8,3.013118649262685,119.91005627128496,92.7511363839687
CMP_0806,YouTube,Travel,Medium,116.63512558992697,12,0.6159904512154076,19.87753884558185,10.056173366302033,1.0,2.390180086880041,120.70844607804386,77.86534613733039
CMP_0807,TikTok,FMCG,Low,60.615583869098955,4,0.17758211284627368,22.49919003008383,26.250570080542623,0.8,3.898647886846451,157.29070826976474,48.21482309682848
CMP_0808,TikTok,BFSI,Low,48.75361737750382,8,0.7465453919822844,14.187347543767725,11.485486740480876,0.8,3.2783016567351067,114.70832507884525,72.63849513183679
CMP_0809,X/Twitter,Healthcare,High,37.31381542475069,7,0.6545762629427472,15.511660458588782,53.05634600179844,1.35,9.741194512815303,147.50184721948128,75.85472296771788
CMP_0810,Instagram,BFSI,High,28.194034320002853,15,0.6687897480413614,54.37464913810791,45.91260393483681,1.35,7.8980817566540304,250.0,95.0
CMP_0811,TikTok,Technology,Low,31.512639529035944,6,0.3115698544693279,20.975705943188327,18.470370877274892,0.8,2.9203328652660105,99.38684863164087,59.651244376223374
CMP_0812,YouTube,E-commerce,Medium,18.533042657648682,5,0.5804779869404345,39.0466704410879,12.80133223797491,1.0,2.9451215533444532,184.4185917987183,95.0
CMP_0813,Instagram,BFSI,Low,51.382766772926736,14,0.7186690466809258,20.154548247262237,2.3773113373466352,0.8,1.6160922231346164,111.83007609102634,86.79242220017045
CMP_0814,TikTok,Healthcare,High,14.186147186741152,13,0.3738838790193596,28.260071171400412,20.048991275717437,1.35,3.253774779672095,147.551603374081,71.61898473659545
CMP_0815,TikTok,FMCG,Advanced,63.607616490445864,10,0.42589109003112335,89.56443049647528,30.004439542006278,1.65,5.177195865881637,250.0,95.0
CMP_0816,X/Twitter,Fashion,Low,53.03412177995344,18,0.7220958242135194,43.55874462193786,8.890141803325868,0.8,2.882355001602522,185.3683739064895,95.0
CMP_0817,X/Twitter,E-commerce,Medium,61.40849856645631,4,0.4165794750458677,13.983840453254004,7.222063426712739,1.0,2.473346332028676,80.4218168849304,47.911329051761186
CMP_0818,Facebook,FMCG,Advanced,35.95595596373767,8,0.5082982244908921,53.666994723207374,51.6761143688599,1.65,8.936494709268871,250.0,95.0
CMP_0819,Instagram,BFSI,Advanced,640.0128767955771,11,0.343076268178551,36.891355941589254,18.347285533152913,1.65,3.680093695911097,174.69082291202378,80.39536953677383
CMP_0820,Facebook,Technology,Medium,162.08043431726153,17,0.9139877134638332,32.309671710308294,14.563639029580713,1.0,3.6860273091363256,171.58751565890478,95.0
CMP_0821,YouTube,Travel,Low,20.17342208974334,18,0.6541245530337119,33.98401413346529,23.489906174962307,0.8,4.803396871473606,178.01118519050695,94.8829617346328
CMP_0822,Instagram,Technology,Low,65.77859424252154,11,0.49892100465876676,27.849630498642888,24.728178168769595,0.8,4.640997960253557,175.96688661716266,81.07080280984428
CMP_0823,Facebook,Healthcare,High,33.56873358416383,16,0.4615249618935594,51.027235008615364,47.83349970392215,1.35,8.195862843280171,250.0,95.0
CMP_0824,Facebook,Technology,Medium,24.24999033032841,12,0.3043270753705227,29.343105969743945,46.29126636728557,1.0,7.731373807494546,195.55455405371032,74.74064426486646
CMP_0825,X/Twitter,E-commerce,Low,18.68913507734164,13,0.5279799817543849,32.94081985387989,16.47419520742206,0.8,3.8129491177069252,163.70429195617086,88.36635858101502
CMP_0826,TikTok,Technology,High,77.15167986682218,16,0.6830116162380093,41.52001465689247,26.184856850705092,1.35,5.303324526573445,221.07549817178028,95.0
CMP_0827,Facebook,Healthcare,Low,31.654990438553323,1,0.3880371805446533,22.59991060027857,27.280117444499915,0.8,4.711200183844977,158.53673663679552,69.55552890312363
CMP_0828,Facebook,Fashion,High,118.42274644228769,16,0.5711082242592765,33.746208696836376,25.23155191608458,1.35,5.294170652420384,158.01618424511045,95.0
CMP_0829,YouTube,BFSI,Medium,120.9074977255153,15,0.4765236450701959,47.76837814332,11.439724215363592,1.0,2.8865462607330294,185.9897370090014,95.0
CMP_0830,X/Twitter,Travel,Low,163.87951745449186,6,0.8260231859150998,54.61744197289754,35.08189284854984,0.8,7.099772881581651,250.0,95.0
CMP_0831,Instagram,BFSI,High,27.6075859202385,12,0.42266024720489387,13.885726684710097,21.957071401729984,1.35,4.127048973974781,125.24499172980126,59.61510794882761
CMP_0832,X/Twitter,Technology,Medium,79.86138853138513,8,0.7054311748873662,13.646529183806656,12.306932198585146,1.0,3.6217785944776377,116.97629339131262,74.50870198068564
CMP_0833,Instagram,FMCG,Advanced,90.5555408320563,7,0.8288045191886735,78.8605132064691,19.73600793768718,1.65,4.240891463332132,250.0,95.0
CMP_0834,Instagram,BFSI,Medium,37.36212384770526,2,0.4745738792444863,49.04696447686955,37.459588183466025,1.0,6.835984549579604,250.0,95.0
CMP_0835,X/Twitter,Fashion,Medium,29.446717214428993,12,0.43228451046995126,33.54144100115609,13.773714532684252,1.0,3.197019915539292,176.11643414839656,88.74150316307323
CMP_0836,Facebook,Technology,High,197.8712432639408,14,0.7345404637049254,26.542383764576755,32.78113409049725,1.35,6.116021856952819,178.61684033533948,92.70374665612225
CMP_0837,TikTok,Travel,Medium,65.49649963889466,16,0.19375521711963156,51.1010441214542,28.983758141292164,1.0,4.530912151333933,238.56500718365984,95.0
CMP_0838,Facebook,Healthcare,Advanced,90.81043487811289,11,0.6361189278205304,21.32851523836239,27.443146490173465,1.65,5.0032365200788265,148.34455209670583,83.77168783875017
CMP_0839,X/Twitter,Fashion,Medium,28.285213884696386,20,0.23493564143250362,44.596318193103926,47.34995257749847,1.0,7.725479424276278,250.0,93.34175059153131
CMP_0840,LinkedIn,Technology,Medium,20.58520114855313,9,0.794482333033266,20.804002500107774,27.393211934412708,1.0,4.923470306904484,136.64726904581985,85.76358282256531
CMP_0841,Instagram,Fashion,Low,34.62029879467795,10,0.49958073110833306,16.772319076010255,4.536329771478297,0.8,1.7465744717948153,82.60249881723377,64.69189920237764
CMP_0842,LinkedIn,BFSI,Medium,49.44114093700737,17,0.531844381851546,51.24536738634408,40.0631465816988,1.0,6.84401529021987,249.2717395824562,95.0
CMP_0843,Instagram,Travel,High,23.303976110825204,12,0.40515015812846406,95.89501006358202,14.988878443410147,1.35,2.763340057027017,250.0,95.0
CMP_0844,TikTok,Healthcare,High,54.169832257973255,6,0.23345854734555754,31.354627324376366,12.859432296689196,1.35,1.832397291914852,144.2083780722546,71.98984304917141
CMP_0845,Instagram,Technology,Medium,14.142661243946243,19,0.8031720875264101,10.447242077166226,13.432514339929824,1.0,3.355351766318463,108.09613776061491,77.64646633700437
CMP_0846,Facebook,E-commerce,Medium,22.286075402563025,11,0.5157884983281414,42.5262687443385,24.54576625921614,1.0,5.142384686493879,203.23589291482452,95.0
CMP_0847,Instagram,Healthcare,High,93.38483805709643,9,1.0,29.80146519712424,6.215049604156024,1.35,2.716498141958807,167.28572194317843,95.0
CMP_0848,TikTok,E-commerce,Advanced,88.50264302191184,6,0.3879636393880864,64.52162820470684,41.27023880492459,1.65,7.092405475800173,250.0,95.0
CMP_0849,X/Twitter,Fashion,Low,39.90487862364153,16,0.42066117468348024,19.659229489424913,19.20657216729308,0.8,3.3950437634337174,119.91332839787171,58.81028221683831
CMP_0850,X/Twitter,FMCG,Medium,24.186353103069848,20,0.3705511770660055,12.103289086564082,26.984696310904468,1.0,5.096584620214938,120.33428287104212,51.29960601189488
CMP_0851,Instagram,Healthcare,Medium,24.00055988888053,16,0.5147678881590627,12.117396907108855,18.49271218238973,1.0,3.984956549409904,97.86192234356761,63.72197780977313
CMP_0852,YouTube,Fashion,Advanced,40.50337902089788,6,0.8650435815568853,30.03318574845847,20.295010786203306,1.65,4.7060145381147915,161.57045609873902,95.0
CMP_0853,Instagram,E-commerce,Low,91.43376161179886,5,0.7520274673547369,27.671685051380795,10.905758535159563,0.8,3.209442508575512,138.4857604481551,95.0
CMP_0854,TikTok,BFSI,Medium,114.73172225529214,4,0.24908923328308014,48.67956124961131,33.45674587864323,1.0,5.611970132084845,221.6371815896174,95.0
CMP_0855,Instagram,BFSI,High,36.69992133561244,2,0.7908240151594372,31.91441305496004,22.066500170236825,1.35,4.591316946327576,162.64219704778148,95.0
CMP_0856,Instagram,FMCG,Low,21.697695553416786,6,0.6865582572242256,27.817666273818187,10.03039071875179,0.8,2.633644687984928,134.28420757566525,95.0
CMP_0857,Instagram,Healthcare,Medium,67.64509931901502,9,0.6462775653303646,18.08547337087215,11.288740484676207,1.0,3.2612405363492094,109.32641628104389,74.136151035296
CMP_0858,X/Twitter,Healthcare,Medium,28.252219574059378,17,0.4131518333119143,70.84241746602049,6.026053684869489,1.0,2.1942132427202248,250.0,95.0
CMP_0859,X/Twitter,Healthcare,Medium,36.067705804384026,14,0.42801794027451695,10.776610631960459,20.30568270954616,1.0,3.945941944945666,109.93308086624901,55.31978889575093
CMP_0860,Instagram,Fashion,Medium,157.62532755526448,7,0.5774134466451203,45.33012936415076,11.423149305614702,1.0,3.076085513936802,175.3926152497958,95.0
CMP_0861,YouTube,Travel,Medium,105.81500598280114,19,0.43936746759434464,19.97642792993166,33.73975145781788,1.0,6.301051190195564,161.3935475374518,67.82447758700613
CMP_0862,X/Twitter,Travel,Low,61.95321167817508,1,0.8125263968178269,16.26114230070159,14.27734057055179,0.8,3.669244367986813,114.32420302154217,80.75322716796009
CMP_0863,X/Twitter,FMCG,High,19.736403010920974,20,0.43080886477486824,44.09998691817013,29.73573326959731,1.35,5.299019344421895,218.7211847836303,95.0
CMP_0864,Facebook,Healthcare,High,64.65835000643227,15,0.1606471254343429,69.20027071959935,14.328008247600211,1.35,2.6847983384726026,247.54054709725102,95.0
CMP_0865,Facebook,Fashion,High,127.75646476659666,18,0.28970861132742387,55.87488255947581,24.233801130445663,1.35,4.869529329480973,240.5080088531517,95.0
CMP_0866,X/Twitter,BFSI,Low,40.426805498612126,3,0.3024073254350269,8.380817421408171,9.885884816278919,0.8,2.3124497023347113,76.8092896814444,41.27425087560327
CMP_0867,Instagram,E-commerce,Low,160.91741321695224,18,0.49733038527533463,33.223934118160656,32.385005681829995,0.8,5.94349188489233,185.58680291378383,89.13235192737824
CMP_0868,Instagram,Fashion,Medium,153.57610337346813,2,0.5932132067138649,28.35619144407979,33.34759891976134,1.0,6.0124603158526,161.85260891975582,79.35203973037183
CMP_0869,TikTok,Travel,Medium,206.64167728864263,10,0.5607600873350583,28.44104601350455,33.23286520470301,1.0,6.089054821827762,175.69957722476502,91.26144022368547
CMP_0870,TikTok,Travel,Medium,69.69959458824374,11,0.6421817995384042,42.403649238242835,10.503090856882842,1.0,3.0660833959966918,182.09398172311117,95.0
CMP_0871,Facebook,BFSI,High,87.3491547412651,3,0.4995439951898639,84.41269430239058,55.51937426088946,1.35,9.501205652889618,250.0,95.0
CMP_0872,Facebook,BFSI,Low,169.2454165812309,7,0.5066186010518727,29.836135201622692,18.953012392258746,0.8,3.6763238653814465,164.98275189308228,81.44644576989411
CMP_0873,LinkedIn,E-commerce,Low,78.0941499675326,8,0.9003719948604041,36.77873090713358,9.87339904044469,0.8,3.6747534822575085,175.81392592223725,95.0
CMP_0874,Facebook,BFSI,Medium,36.56211934159509,19,0.7910715142521754,67.59176545993269,19.11008643318125,1.0,4.84199534653283,250.0,95.0
CMP_0875,Instagram,FMCG,High,38.136267443945876,18,0.6316600963809129,42.420930688951685,3.883835633374664,1.35,1.8126093723139824,179.57065777517005,95.0
CMP_0876,Instagram,E-commerce,Low,66.07853527415202,13,0.7333340951354455,22.44258517371049,15.385733666573062,0.8,3.8585961627144023,131.75164478743508,90.26618804917281
CMP_0877,YouTube,BFSI,High,19.44423961494027,13,0.16475696690126035,71.29023326888495,7.135391977118379,1.35,1.207592011080166,250.0,95.0
CMP_0878,LinkedIn,Technology,Medium,48.686065885903666,19,0.38549227621691184,51.85259874612289,33.97642243944081,1.0,5.624842258924988,228.85975030654663,95.0
CMP_0879,Instagram,Fashion,Advanced,131.26756152079068,12,0.463559297198906,68.3375829218348,60.30510549732473,1.65,10.07701588467218,250.0,95.0
CMP_0880,Instagram,BFSI,Advanced,9.459286137533523,17,0.3878468075961992,80.36940212461998,14.953393171741155,1.65,2.7845517683785608,250.0,95.0
CMP_0881,Instagram,FMCG,Medium,186.342370150554,12,0.2408525382382945,33.224392905953366,6.6007493948126905,1.0,1.666361722725875,149.91292682166457,71.74365773119716
CMP_0882,LinkedIn,Healthcare,Medium,134.00798328935647,13,0.6341087605131581,38.54139367736886,19.50073222002909,1.0,4.074209522896239,192.87242311333355,95.0
CMP_0883,Instagram,BFSI,Medium,37.795434213809195,12,0.8271495518569241,21.695986916209957,44.30499142056956,1.0,8.615097107046454,179.60718051233926,89.20103767184226
CMP_0884,Instagram,Travel,Medium,84.32789082436666,19,0.5474380554001288,19.840265189699046,10.469479854846758,1.0,2.639614731248516,95.96183258338021,70.25780874449309
CMP_0885,YouTube,Travel,High,54.73581134119628,14,0.6796364091267973,45.74253607795871,6.712260697440169,1.35,1.7890919745584113,169.11192697614337,95.0
CMP_0886,Instagram,Travel,High,146.05631912390686,7,0.5414932092024872,51.91613244883836,11.837002689034483,1.35,2.7468916071726426,209.74383635913452,95.0
CMP_0887,LinkedIn,Healthcare,High,119.83868110179132,13,0.4616722380646522,28.278721824903744,19.137982181371015,1.35,3.8261034951981507,156.06102162796194,78.78314037951415
CMP_0888,Instagram,Travel,High,17.813265302442776,6,0.7338393118035447,21.921020980302654,11.246355948455117,1.35,2.6345075471070647,133.21758586329514,85.55032304530478
CMP_0889,Instagram,Technology,Medium,87.34012076631784,19,0.26436181183848523,43.01643099601987,6.3875906752924285,1.0,0.9945856076853952,148.93490577015913,95.0
CMP_0890,Instagram,BFSI,Low,46.31647443275112,19,0.17731945081088685,9.639795085214802,34.222879983067784,0.8,5.431795063213602,108.43348328935019,38.02384018042703
CMP_0891,YouTube,Travel,High,58.338721899816306,4,0.2615400356179158,21.086882987130107,9.176747497497736,1.35,2.2009688815602444,125.99931541236072,62.01777084793125
CMP_0892,TikTok,E-commerce,Medium,30.491942830545472,19,0.7207175956552178,14.513437700883612,9.057534868687455,1.0,2.9894825187271334,83.51920984885085,75.01381399302842
CMP_0893,YouTube,Healthcare,High,221.07669008832897,9,0.5674422213772174,12.038302538352918,17.716180505483212,1.35,3.7879785703130597,103.76455448563993,58.59856006549421
CMP_0894,Facebook,Technology,Medium,125.467838139214,16,0.6253075958493574,22.80826586689376,13.288158892754135,1.0,2.988045897070699,105.04030248420757,92.62533134831182
CMP_0895,LinkedIn,E-commerce,Low,30.210304319642965,4,0.8853845986915099,15.705793922557888,17.186724661664122,0.8,4.078381603553556,112.58213928010616,86.17715207331042
CMP_0896,Instagram,E-commerce,Advanced,18.77096975595411,6,0.31733206508976974,124.28672243437929,54.29429301562444,1.65,8.973543449037038,250.0,95.0
CMP_0897,Facebook,E-commerce,Low,40.10343113908203,8,0.7908340738327736,42.70663133422121,4.2983138153384735,0.8,2.285871085613603,181.04277127961714,95.0
CMP_0898,TikTok,E-commerce,Advanced,77.29290119289604,16,0.4707351171702742,116.98948635741344,28.6555684373397,1.65,5.496127367166644,250.0,95.0
CMP_0899,Instagram,BFSI,Advanced,66.16586365288009,5,0.44032782495065237,14.046030185097443,31.584071325726786,1.65,5.97946645446648,139.3496230637167,64.9678224183419
CMP_0900,Instagram,Travel,High,148.78558754546688,10,0.5662440754503207,33.70546534820953,16.35186364514265,1.35,3.449057326078077,167.79356427680773,95.0
CMP_0901,Instagram,Fashion,High,102.7127007504807,13,0.5975472511359724,36.18693502329847,15.793789888224834,1.35,3.6961986938923728,156.5957624223515,95.0
CMP_0902,Instagram,BFSI,High,118.58799046507866,14,0.5078915720853521,16.03612403380366,39.1617075153936,1.35,7.0616829845640785,173.500047082238,63.584517561187
CMP_0903,Instagram,BFSI,Advanced,70.91516620664304,7,0.6720628602123264,90.57624385797524,37.094645594035995,1.65,6.69909918975331,250.0,95.0
CMP_0904,X/Twitter,Technology,Medium,17.967436134109153,20,0.5670486153622154,9.492416368861953,24.90164948098068,1.0,4.675843178639853,97.12461011143272,55.45624156947361
CMP_0905,Facebook,Technology,Medium,46.685852529412585,6,0.510133676649508,31.625758067217713,10.20855172941967,1.0,2.7683762143058424,163.41234943621066,90.17523998967337
CMP_0906,TikTok,Travel,High,127.49431711102925,7,0.4667431728440438,30.626492647758987,42.61885187334013,1.35,7.326834312116338,210.4435838697272,84.17257924749656
CMP_0907,YouTube,Fashion,Medium,52.39345385963897,5,0.5976692931435299,16.554735533154123,26.904901929197315,1.0,4.969209208435538,135.83302201480706,74.45632219449364
CMP_0908,Facebook,Technology,Medium,81.65248836106481,18,0.27866843451077894,5.502318523121389,41.44374900585113,1.0,6.5281601603791355,116.971303692855,21.269868011177607
CMP_0909,Facebook,Travel,Medium,42.30906424308706,12,0.33510723400400244,37.414493368612995,22.806568374496084,1.0,3.7060502915137667,175.70985356396753,87.09967573344218
CMP_0910,Facebook,Travel,High,23.954364023109477,6,0.4765099861607638,55.966982046719075,16.298268826277717,1.35,3.290283859834678,244.78596215496327,95.0
CMP_0911,X/Twitter,FMCG,Advanced,49.467938307669606,1,0.6589750119379179,31.687751515927232,28.02452713283029,1.65,5.21295687922858,178.9680276101205,86.03935429769098
CMP_0912,Facebook,Fashion,Medium,69.91204517021932,4,0.9785700247449716,49.24053001894286,46.191037131038094,1.0,8.91646284882712,250.0,95.0
CMP_0913,LinkedIn,Technology,Advanced,32.31236015704361,19,0.5181348728232794,70.8604935404832,33.50812719973167,1.65,6.746851929703743,250.0,95.0
CMP_0914,Facebook,Fashion,High,45.21509558109428,12,0.19515374173284744,32.160550745445406,18.436433666259962,1.35,3.293878056544618,167.63588020755364,76.43269298089346
CMP_0915,X/Twitter,BFSI,High,25.749865567363734,15,0.3919504980735402,44.969294734435614,22.23717618574333,1.35,4.4396101361369045,195.83274516355303,95.0
CMP_0916,Facebook,BFSI,High,133.67292179986788,3,0.6817783699184461,48.58250731185303,20.906972617389524,1.35,4.619793988404476,215.34094538212725,95.0
CMP_0917,Facebook,Fashion,High,43.13934224807818,20,0.3559435782102105,29.177680791086942,27.183448849465673,1.35,4.294611925659741,150.84501799512714,80.79547188657804
CMP_0918,TikTok,FMCG,Low,174.54881350911785,8,0.2888509484243112,36.99969075810682,14.343956887000946,0.8,2.7672610214632716,168.65682182799327,82.276564771335
CMP_0919,YouTube,FMCG,High,185.48950069760292,11,0.6807337803228158,33.6521975492342,51.816842097208365,1.35,8.929195919101172,223.28553917979266,95.0
CMP_0920,Instagram,Fashion,Low,51.17050174506469,16,0.6429760121785827,37.46608725392252,16.3084738820204,0.8,3.484883335606235,170.39638967190086,95.0
CMP_0921,TikTok,Technology,Advanced,24.367274278384215,9,0.2554918514486407,15.379325076217077,18.57020392445004,1.65,3.2285600568306183,102.53611425793662,50.54962229010036
CMP_0922,X/Twitter,Healthcare,Advanced,10.291123193880308,3,0.37100133090886384,21.502745941851366,6.036553737915143,1.65,1.8367969582052202,110.25923682030746,58.85998304719621
CMP_0923,TikTok,FMCG,Medium,16.81666470663481,5,0.798934035363499,52.71013458331722,13.73731192862834,1.0,3.566903875478644,218.32236194326774,95.0
CMP_0924,YouTube,E-commerce,Medium,18.191094116857336,20,0.7205688540188683,24.962916307910348,24.153532845797407,1.0,5.32179429672522,168.43382111378543,81.21229015793202
CMP_0925,Facebook,BFSI,High,164.47781567115564,14,0.3105256968397645,34.71001969680181,25.879250622467026,1.35,4.557904524572124,167.91912818476064,82.32884536076165
CMP_0926,Instagram,Fashion,Medium,59.89899157163181,15,0.15222212901764298,37.74526384039743,33.877806044284284,1.0,5.48131466275633,184.21107487691128,84.1197538207353
CMP_0927,Facebook,E-commerce,Advanced,74.56592394502705,6,0.6037035831721743,12.950652090945308,53.620192912295195,1.65,9.232705338526163,163.12019377497384,66.25337886044608
CMP_0928,X/Twitter,Fashion,Low,9.241120946500414,4,0.49078640095225406,17.530083718258673,11.333125420427203,0.8,3.067315070303974,99.23039144913773,55.46798988279085
CMP_0929,LinkedIn,Travel,Low,20.939280748141567,8,0.5863483793454144,29.316828731796686,16.02112997158929,0.8,3.365586024914955,148.89481387866252,95.0
CMP_0930,Facebook,BFSI,Advanced,111.0148327937169,19,0.6769323887687877,8.783339414180197,26.555623172021825,1.65,5.143917219765208,104.07962486185926,61.38488149808518
CMP_0931,Instagram,BFSI,High,68.6773389678109,5,0.3587461165207956,27.02079630029184,14.12736890239893,1.35,2.741133261703205,120.96868421368957,75.96035644379357
CMP_0932,YouTube,FMCG,High,48.53260193942641,13,0.4635708946828203,18.56755771968143,30.97105916968394,1.35,5.723510095538362,131.2088736174292,67.76021550344413
CMP_0933,TikTok,FMCG,Medium,85.78754964055192,16,0.3701882952588402,9.530378438735237,39.1686592585901,1.0,6.806834281259653,132.10212689079955,46.42576494605523
CMP_0934,X/Twitter,E-commerce,High,202.07486446606833,1,0.37735299340390194,42.970998830433665,26.351503330764867,1.35,4.5393443433264995,212.39305427339573,86.80302708382612
CMP_0935,Instagram,Travel,High,45.74882137846615,13,0.662951838664886,16.34875890719978,31.16163375652975,1.35,6.269205890080727,137.21942702337503,76.33501799599216
CMP_0936,Facebook,Fashion,High,57.7137728224404,11,0.5788137162688831,35.23858204553369,26.750944627990116,1.35,4.87616655556322,183.35634219426197,95.0
CMP_0937,Instagram,Travel,High,63.693182707146924,8,0.2374116459778527,30.837393389518567,55.86940536165371,1.35,9.069094481661976,214.92002271747867,62.49588522287847
CMP_0938,TikTok,BFSI,High,370.0683462666134,8,0.6950207283833025,69.95077032838668,5.764991335582451,1.35,2.362091961969759,250.0,95.0
CMP_0939,Instagram,E-commerce,Medium,10.18091601055514,14,0.47998598508436013,8.788453551138868,11.007889885670314,1.0,2.6163747434196947,95.3841175183138,50.05096248820085
CMP_0940,X/Twitter,Healthcare,Medium,94.30916849835462,13,0.7042330813655844,42.69614195993511,33.72371155932415,1.0,6.608960059549382,250.0,95.0
CMP_0941,Facebook,E-commerce,High,49.807132715465386,3,0.3470523908107525,48.418311537166595,15.227885227384592,1.35,2.9425714979100226,196.10255466237413,95.0
CMP_0942,X/Twitter,Technology,Medium,85.9200644560731,4,0.3648623962604739,24.440526302776927,17.377931273898025,1.0,3.412984095288912,129.1638295761889,68.67089760449116
CMP_0943,LinkedIn,E-commerce,High,32.268836711359064,20,0.6003424596213337,48.61185124580854,18.2665800701271,1.35,4.662493980724492,226.10679483686272,95.0
CMP_0944,YouTube,Travel,Medium,52.5007773058265,15,0.330707982366065,27.288593789003546,7.505304071633107,1.0,2.055508558492843,127.73722636678136,75.69953288685662
CMP_0945,Instagram,Technology,High,96.46000471993935,15,0.49502376585164676,44.618269457433996,17.341912904782674,1.35,3.4286863377118357,201.8114041261258,95.0
CMP_0946,Instagram,Technology,High,658.7395002539243,13,0.30798530752814524,9.223771643808917,14.482232433808726,1.35,2.6967290143279374,78.78342796170689,37.45544662797452
CMP_0947,Instagram,Technology,Medium,104.21217358454774,9,0.47172605338567,26.259428178983804,21.648214332081498,1.0,4.553145930928876,151.5952538911671,74.69984826948384
CMP_0948,TikTok,Healthcare,Low,27.703188685708426,10,0.5436291536390205,17.549902854183745,25.496653553896085,0.8,4.793315000930273,134.58526174146314,77.23274923445591
CMP_0949,TikTok,E-commerce,Low,38.89992234624181,12,0.5530515869801518,35.65896059847339,12.090195015842035,0.8,3.4298646276860607,170.55695824285937,92.26071504778918
CMP_0950,X/Twitter,Travel,High,37.987938949998124,14,0.4770505457467303,29.685891223354925,16.78839050895886,1.35,3.7019711664613686,148.66102781044944,83.26258239268707
CMP_0951,LinkedIn,E-commerce,High,12.980983280289749,1,0.6166700600636277,41.88731203627634,22.32052748842698,1.35,4.174611502058747,196.99619385809453,95.0
CMP_0952,LinkedIn,Healthcare,Low,41.92690926309512,14,0.5795598091024077,27.703322067884084,18.326372680330575,0.8,4.168575553977313,154.39844004925584,90.02464385578486
CMP_0953,Instagram,BFSI,High,98.12706941476331,14,0.5321266672526394,38.662924204106304,20.782766317279737,1.35,3.534763535168034,150.81418400918784,87.60355638145816
CMP_0954,TikTok,FMCG,Medium,19.699914679378796,8,0.4248298934577792,67.50789218943788,24.90611152012769,1.0,4.4810574281816855,250.0,95.0
CMP_0955,Facebook,Travel,Medium,126.31592635850083,16,0.7636487499157018,44.036309008167414,14.104650613800017,1.0,3.8995524487008684,207.9345419224999,95.0
CMP_0956,Facebook,Travel,Advanced,80.65815027948805,14,0.6272574416465189,35.38821682317097,9.88432457129712,1.65,2.1772896171925074,147.90629463415115,95.0
CMP_0957,X/Twitter,E-commerce,Medium,30.344441145388423,1,0.3427782272216009,7.714828811724887,30.918948005114178,1.0,5.93224371039515,106.89108298691522,37.9817163811195
CMP_0958,Instagram,FMCG,Medium,48.753465891634285,16,0.6797767751380985,36.05695448840198,10.495746808566663,1.0,3.224443889228053,159.46239868178142,87.15544363036125
CMP_0959,Instagram,Fashion,Low,196.106415106682,18,0.7250987273905353,24.293232339308137,9.257767906174573,0.8,2.5452019114060893,126.70803420334514,86.55836481388272
CMP_0960,YouTube,Fashion,Low,98.18350726576372,7,0.5336870481415645,31.232687668796814,23.17446161089597,0.8,4.999547040152543,163.82537514534928,92.12914435121311
CMP_0961,Instagram,Healthcare,Medium,54.983158206859095,15,0.5469825347850789,44.96319909105685,5.551170145594398,1.0,1.3537491582475338,173.51511080220214,95.0
CMP_0962,LinkedIn,Fashion,Low,45.14381787883424,17,0.1382258641233574,20.020808534276945,28.269105525191858,0.8,4.214543582446949,132.22642963183407,52.718805061244225
CMP_0963,Instagram,Travel,High,58.048986932861595,19,0.3813117846686551,26.513945904395705,13.093853537993747,1.35,2.3021672771801223,113.82918112037103,71.54348443644525
CMP_0964,Facebook,Fashion,Medium,36.255429654119276,13,0.7187388832705308,40.115955174220574,24.334640142400588,1.0,4.495188226695556,203.74537851710753,95.0
CMP_0965,Facebook,BFSI,Medium,10.137084127560705,9,0.39347536035949204,34.95511180415468,18.22564220024813,1.0,3.420847315166451,178.4320809077372,94.04212611050895
CMP_0966,Facebook,BFSI,Low,279.7069165686146,15,0.518031615563725,16.317337279749104,16.888114060731333,0.8,3.6266255651115555,114.98555675138843,62.10552777326445
CMP_0967,YouTube,BFSI,Medium,61.82204396715544,3,0.37827597398684676,19.50857234970356,6.715803139663039,1.0,1.8123103068072077,100.6597803215105,65.19220022010742
CMP_0968,Facebook,Fashion,High,75.07726716624686,1,0.5961631169663462,53.30264391858942,33.63730330476985,1.35,6.277035234958696,250.0,95.0
CMP_0969,X/Twitter,Healthcare,Advanced,52.126517901032344,16,0.6287485110285784,18.577424074202803,41.4919455281795,1.65,7.497062957304801,161.0734162187056,87.44798883204139
CMP_0970,X/Twitter,Technology,Low,30.323001787535535,8,0.6340949323470366,24.590959915226918,23.425099369185723,0.8,4.427518833904653,142.572773219072,93.21062680278595
CMP_0971,LinkedIn,Technology,Advanced,47.05233134806918,13,0.3221278080786598,38.0475148008585,21.476753858241775,1.65,3.715023167613105,186.15597709240907,89.14407563577223
CMP_0972,TikTok,FMCG,High,15.187674188620107,8,0.5713404213673108,58.4801417860228,25.149891509463647,1.35,4.089891846685999,250.0,95.0
CMP_0973,YouTube,Technology,High,337.5349965582274,17,0.865313952264378,39.197262799970396,51.52300129974061,1.35,9.782945331921793,235.27696734160912,95.0
CMP_0974,Instagram,Technology,Medium,20.335952959123937,14,0.6996977476969323,42.09724108388586,12.84273569344092,1.0,3.354188820910771,171.7257953307415,95.0
CMP_0975,Instagram,BFSI,Low,23.913113080261695,7,0.5686662472182179,13.797329644928212,32.892164068300566,0.8,6.091653909756584,126.20845312219967,73.62315115921555
CMP_0976,Facebook,BFSI,Low,38.389832139254054,15,0.16380513162579197,10.494992360419413,6.327823935648393,0.8,1.5106063641887415,64.96274868444016,35.41481580046332
CMP_0977,X/Twitter,Fashion,High,153.00346678816436,16,0.5001287043780411,75.18596797194449,45.87746937481201,1.35,8.137169210357406,250.0,95.0
CMP_0978,Instagram,FMCG,Medium,55.23557384413972,19,0.8792731161295221,12.586154400449026,14.526296675736642,1.0,3.829137026408204,98.3152406755551,83.44302476119393
CMP_0979,X/Twitter,E-commerce,Advanced,20.3095529327381,6,0.8137213672026198,36.00889428419532,18.32420755644027,1.65,4.341010175647208,184.3083660033543,95.0
CMP_0980,X/Twitter,Travel,Medium,148.92914986651311,1,0.6422836649572925,53.76585828973277,16.56166998799196,1.0,4.238658406118404,248.12552875576188,95.0
CMP_0981,Facebook,FMCG,Low,97.98363759637826,12,0.4061339175810424,44.24437293540973,28.99843307851217,0.8,4.986445986243732,206.74543476943995,95.0
CMP_0982,YouTube,FMCG,High,83.99421822109835,18,0.5604557964890902,46.11887090042177,15.85366875403494,1.35,3.9661291311621856,196.7996249570326,95.0
CMP_0983,Instagram,Healthcare,Medium,96.79423076164971,16,0.7046961666771052,18.321577284961023,20.675283727155964,1.0,4.40558620290021,116.56139760898338,72.10473363717985
CMP_0984,Instagram,Fashion,Medium,370.73574102452193,12,0.7381078387258528,55.87865133289837,28.261715048761737,1.0,5.1430062985133285,239.0052389047802,95.0
CMP_0985,YouTube,Healthcare,High,313.58671228202564,20,0.6125240611291659,80.45610384495544,25.160442712112314,1.35,5.025970521412315,250.0,95.0
CMP_0986,X/Twitter,FMCG,Advanced,31.52017211882418,13,0.72100793654353,11.499696113039409,37.055314196867585,1.65,6.8928965115464305,144.7995675946851,69.72135278647426
CMP_0987,LinkedIn,FMCG,High,200.15818806587023,8,0.5382614840674321,21.727648539114355,10.119133521805258,1.35,2.189913320422626,117.7289343101948,82.1663638603197
CMP_0988,Facebook,FMCG,High,74.1829657568189,1,0.5294186673818669,28.90939220787922,4.700322128831749,1.35,1.7395822444537086,117.11082780470579,90.10403391921254
CMP_0989,Instagram,Technology,High,81.39197271983083,7,0.4582169956455996,48.040857649963705,24.296393767956804,1.35,4.415242041366817,213.27098759007328,95.0
CMP_0990,YouTube,Travel,Advanced,14.100120376460966,15,0.6349073664736664,86.79099580803249,43.83509037218221,1.65,8.40723675340589,250.0,95.0
CMP_0991,YouTube,Travel,Medium,47.640888170438814,13,0.7500680544467644,25.788749473379173,12.096466254023802,1.0,3.6051527472338036,157.7925176307418,95.0
CMP_0992,LinkedIn,Healthcare,Low,28.49535603139986,13,0.6916887741470972,16.24962022706149,5.773934829671353,0.8,1.9610799486606165,95.2417426950644,79.24637212143038
CMP_0993,Facebook,FMCG,Medium,105.89489566965874,9,0.3063927037295781,19.361713435462757,28.510704654326585,1.0,4.667313297422044,135.19717165512927,47.97059112072807
CMP_0994,X/Twitter,Travel,Medium,128.62026748042726,15,0.31710513696542475,56.427194160864246,16.908541101282452,1.0,3.470665699542758,233.70936282992187,95.0
CMP_0995,Facebook,BFSI,High,10.385503288599471,4,0.7707279767024929,15.198418179016395,47.616417873855454,1.35,9.047673646906338,169.87291128354485,84.27955014437978
CMP_0996,Instagram,Travel,High,53.64413314177783,13,0.5853145627568885,42.22960261894619,22.53540324055862,1.35,4.451005591122885,204.13120571640764,95.0
CMP_0997,TikTok,Fashion,High,133.95302835504103,12,0.5931296302953318,12.817620703071684,34.08903224006648,1.35,6.15534007450887,127.53246766776543,73.79031670195889
CMP_0998,Instagram,Fashion,Low,47.02393983154591,5,0.588622926738005,15.466693816028895,3.5850478390574327,0.8,1.6768557112252667,100.79948256674207,77.10491913344951
CMP_0999,TikTok,Travel,High,97.83192115867313,7,0.9003279003147129,27.639992727527986,51.86197924694279,1.35,9.666948115203436,210.20961934323455,95.0
CMP_1000,Facebook,BFSI,Medium,72.30782653252496,8,0.4607430363688162,23.408258142770567,4.863693942789402,1.0,1.8687329513986426,114.5390116523983,78.51255121705671
CMP_1001,Instagram,Fashion,High,71.76006945019118,5,0.7733268271352286,52.15993771362847,19.320666924876072,1.35,4.677971287706014,239.3196569891545,95.0
CMP_1002,X/Twitter,Technology,High,43.94540278100691,9,0.5967214048640335,32.75252635039405,72.97499760271207,1.35,11.823003405460451,250.0,86.99182936617105
CMP_1003,TikTok,Travel,Medium,20.62977368206005,14,0.22989740414698945,22.51277572689421,18.241553700569266,1.0,3.088115253985761,125.86573650182041,59.158386743241564
CMP_1004,YouTube,Technology,Low,22.25965577875351,12,0.38502954399747646,6.4677679611813215,24.68622071012947,0.8,3.8466371335799088,83.55117791246934,46.63034920792582
CMP_1005,YouTube,Travel,Low,96.3013186218325,4,0.42859388326081105,15.758105097622996,1.3490923993573,0.8,1.052491978105912,70.7731702517843,61.02648378662943
CMP_1006,LinkedIn,E-commerce,High,55.454707384612156,20,0.7686216028932235,36.69245659572084,13.264823041344542,1.35,3.1106114064390606,184.74478714229406,95.0
CMP_1007,LinkedIn,E-commerce,Advanced,48.87129473163211,8,0.7954595613585155,42.63238375439614,40.06125852329382,1.65,7.3805651174695,232.8781554452026,95.0
CMP_1008,YouTube,E-commerce,High,38.895865753346236,17,0.620770770155668,20.705425969299306,6.659247578891572,1.35,2.5716417857000895,99.91946422750786,83.3984520481015
CMP_1009,Instagram,Fashion,Low,42.77051330195655,8,0.4454453440637409,23.68869988967533,29.421430196016914,0.8,5.421117103331925,148.88883110604667,69.66024473863135
CMP_1010,X/Twitter,Technology,Medium,126.15728669794916,1,0.3678037767899525,36.27837276048482,30.738796856263995,1.0,5.4511500895658695,207.53638774509395,95.0
CMP_1011,Instagram,Technology,High,41.754395805361995,20,0.7775162037323202,23.263697819979242,3.4902455779837434,1.35,2.07926064609922,137.51350880072073,95.0
CMP_1012,TikTok,Technology,High,18.674299669628823,2,0.2930895182167885,74.42553357110258,33.62372952892789,1.35,6.05087312484117,250.0,95.0
CMP_1013,TikTok,BFSI,Low,98.98035740835854,4,0.5292219431504768,14.042919034894467,6.589717922466056,0.8,1.8585511123173677,92.3287146910267,56.5954220978465
CMP_1014,Instagram,Technology,Low,46.344316767601306,1,1.0,15.629089958950198,17.064472477116272,0.8,4.608753781936642,140.65695536652922,91.34012925344655
CMP_1015,YouTube,BFSI,High,55.986841640856646,7,0.4460425623924694,48.89448640495076,22.552239644127347,1.35,4.30797812396167,208.76975174433676,95.0
CMP_1016,TikTok,E-commerce,Medium,197.5640123751302,1,0.29566035406417734,40.39279843676301,4.36855091371893,1.0,1.1420415251820437,158.8062930967797,82.52046959059578
CMP_1017,Instagram,E-commerce,Medium,53.70744079033496,9,0.19690839494036427,71.30509633533036,8.471130601215533,1.0,2.3059774619268976,250.0,95.0
CMP_1018,X/Twitter,Fashion,Low,68.80985242201581,3,1.0,18.709146935031228,8.17282602996396,0.8,2.859645957165108,118.8356091692915,95.0
CMP_1019,TikTok,Travel,Medium,21.260719324019405,12,0.6197254198911093,22.144258225831166,24.608842830917876,1.0,4.376301441156986,136.22540687595523,72.85200180376934
CMP_1020,Instagram,E-commerce,Advanced,45.79909990140329,19,0.3761848782797109,15.893149394276474,56.150345337342856,1.65,9.207319321309233,181.784429077545,53.92741516889203
CMP_1021,LinkedIn,Travel,Advanced,88.90966339038535,15,0.5121726761703166,24.623820640770692,64.54025089603186,1.65,10.524472007822062,238.79165795379006,72.04957924194392
CMP_1022,Facebook,Travel,High,15.732065419415315,16,0.41740883644807036,38.63901041769722,34.672228097842634,1.35,5.339233543545287,201.50175628361364,95.0
CMP_1023,TikTok,Fashion,Medium,64.11485436816751,10,0.1772887919414386,65.00932297294398,8.139853606136743,1.0,1.6883136622755177,226.05059902233623,95.0
CMP_1024,TikTok,FMCG,Low,59.18291238714933,6,0.7076234866907574,28.728488780033366,1.379812740614344,0.8,1.694753920341893,132.63798367251007,95.0
CMP_1025,TikTok,FMCG,Medium,56.43163832713105,17,0.5567625644789617,27.022311631954427,25.613766381192345,1.0,5.292276040179321,155.5398152634047,88.84252273378542
CMP_1026,X/Twitter,Healthcare,Medium,125.17679761485513,17,0.6909967557435879,59.43748023560155,5.646873697176527,1.0,2.062217648616489,215.7161164837499,95.0
CMP_1027,TikTok,Fashion,High,71.34668001590202,19,0.5513100973651688,69.38814457336241,43.54934059142741,1.35,7.077314918766153,250.0,95.0
CMP_1028,YouTube,Healthcare,Medium,178.12000680982234,18,0.5762490471597101,52.84920403741897,11.446813295686653,1.0,2.588022470395658,209.41778392155027,95.0
CMP_1029,Facebook,Healthcare,Medium,24.65866567828675,11,0.10303552359215101,30.88101249495959,8.811919451066428,1.0,0.9513044640418683,115.60332232194912,73.15078576773733
CMP_1030,YouTube,FMCG,Low,60.86995198995357,7,0.7315695504014657,7.8964240924319515,16.50747684526953,0.8,4.388287416318068,100.45519740901733,64.7373776922584
CMP_1031,Instagram,Fashion,Medium,58.415042230721625,10,0.33233804952734625,26.93924130941358,9.87140383322398,1.0,2.4471271475045815,126.71001413404575,70.873742839031
CMP_1032,X/Twitter,FMCG,Low,23.21030601912697,7,0.38358328461710656,15.872316020859262,30.01319071059399,0.8,5.65414549564472,143.65431579687586,57.17913307072363
CMP_1033,Instagram,Healthcare,Low,117.3353414803736,5,0.4444255390991968,38.704855883587825,16.010273690455108,0.8,3.4903306440422797,178.40762803436704,95.0
CMP_1034,Instagram,Fashion,Advanced,350.63249237715587,12,0.13826328551490302,10.288179357857803,29.72175478135693,1.65,4.314662958982815,101.10020109686221,24.394043402971782
CMP_1035,Instagram,Healthcare,Medium,53.860379877507576,16,0.43348869842733034,4.453214403591691,30.103791710928096,1.0,5.261337160163416,95.35172361330507,42.813667888989116
CMP_1036,LinkedIn,Technology,Medium,81.77870426198135,18,0.41956317765265416,5.111196513046756,24.219121988395404,1.0,4.709743781008443,106.44939302038233,44.31737305651636
CMP_1037,Facebook,Travel,Advanced,58.41745783263887,3,0.47443330621346563,79.93251783793887,42.0532474983034,1.65,6.747038214666386,250.0,95.0
CMP_1038,YouTube,Fashion,Advanced,30.849861598660766,20,0.20976409655192418,39.121198716288625,61.91018150351648,1.65,9.838284395414634,241.13514962843396,72.7505082363949
CMP_1039,Instagram,Fashion,High,12.72275061380428,15,0.7355417767122612,30.496073425457748,14.541689349513954,1.35,3.885829424516378,153.12477739536328,95.0
CMP_1040,Facebook,Travel,High,31.04324441474498,5,0.6296113156391145,36.22781809481869,41.61927153071301,1.35,8.181081619473385,227.8201067244284,95.0
CMP_1041,X/Twitter,Healthcare,Medium,17.929247092463115,13,0.37719196092819285,31.133876946358317,25.26961828289032,1.0,4.831487472018354,149.61764909409501,79.54679524735593
CMP_1042,YouTube,Technology,Medium,213.42418462221352,19,0.43369071754257,7.883324519927676,9.216979674120836,1.0,2.3924506039072067,76.64728110299072,47.181068576374585
CMP_1043,Facebook,BFSI,Medium,49.79488385219279,12,0.7176296657546198,24.46639975771959,10.055984421741993,1.0,2.9521973168654214,120.34030838279492,95.0
CMP_1044,LinkedIn,Travel,High,41.39932336107271,5,0.49850499377595614,83.90308270307587,34.52323617467762,1.35,6.338469186925818,250.0,95.0
CMP_1045,TikTok,FMCG,High,111.19918579811123,6,0.3018928341592527,40.312311678850804,61.25913290151533,1.35,9.975800962717964,250.0,86.7754441563794
CMP_1046,LinkedIn,Healthcare,Medium,22.255721413024816,7,0.533281625983025,13.100538769823299,34.458302031928675,1.0,5.61384005347615,139.2571729241035,66.66716692762341
CMP_1047,Instagram,Travel,Low,29.5625621801785,10,0.33243139364168733,40.33948163690182,6.320147517936845,0.8,1.6769159798240623,167.23338882034957,80.9416455496058
CMP_1048,Instagram,Travel,High,57.65389546622702,16,0.4084253651755055,32.87480238961369,34.46161130603971,1.35,5.192683657994143,176.43069559379123,92.68574125501154
CMP_1049,TikTok,Fashion,Low,124.33943354525306,8,0.5398751801954821,25.079596276674778,8.638217638748118,0.8,1.6993363439056632,110.00764679474578,72.3992975511104
CMP_1050,Instagram,FMCG,High,81.56074141874089,9,0.7610422929811319,62.810103910284354,30.783580833893204,1.35,6.15224093290714,250.0,95.0
CMP_1051,TikTok,FMCG,High,66.59703879449302,4,0.9546649488460166,17.30497325618483,24.16888989737482,1.35,5.6782351818117,156.0100401579197,95.0
CMP_1052,X/Twitter,FMCG,High,58.11909039928668,8,0.822523124276461,56.91403663762283,25.69098545364977,1.35,5.100910613391507,249.38367996678843,95.0
CMP_1053,TikTok,Travel,High,75.20281655335957,7,0.5356287522395206,10.594930459814476,15.065231057883533,1.35,3.6591897306429098,77.06535894096643,54.45811139171103
CMP_1054,YouTube,BFSI,Advanced,64.15630195915405,15,1.0,33.938528098986154,9.093043840560783,1.65,3.8198080511803254,169.33581421148813,95.0
CMP_1055,TikTok,E-commerce,Medium,23.951289893634726,3,0.6616538688736577,22.45998297108736,46.879813851357596,1.0,8.597063082900936,193.27578822095018,77.63088852996204
CMP_1056,Facebook,Healthcare,High,56.648379257196446,17,0.3540622921372536,34.85583841254328,54.040894506616716,1.35,8.806242876486023,233.93429466714002,83.2209802159168
CMP_1057,YouTube,E-commerce,High,23.12811721651078,11,0.5689099704645714,27.502359183020573,32.64484680154516,1.35,6.126424369145785,175.64540442746204,84.87608735366186
CMP_1058,Facebook,Travel,Low,58.257103547311075,9,0.41861667062482477,42.47896391799202,15.816204670779875,0.8,3.2435272316457815,187.7241863620848,95.0
CMP_1059,X/Twitter,E-commerce,Low,37.16924406282111,5,0.3004188147344231,31.76653646933774,16.997099485665796,0.8,3.2145970915109445,144.07084449240176,78.36273761884075
CMP_1060,LinkedIn,Travel,Medium,416.341275703843,10,0.3151552445083581,18.39591555007129,38.42657370573966,1.0,6.087052466395068,159.1420396854766,56.33370082752094
CMP_1061,TikTok,E-commerce,Medium,52.88313574240081,15,0.5205531643651116,27.56346052601584,16.829964157443392,1.0,3.453818505209941,138.89895018772148,82.34422971362501
CMP_1062,TikTok,FMCG,High,17.753955692189336,14,0.7008411981226816,19.08761272961563,21.715667905009898,1.35,4.676906318995898,130.80781782180654,78.38615137006168
CMP_1063,YouTube,Technology,High,49.04095824264985,4,0.7636406511591802,57.920491040102256,22.049909381882244,1.35,4.935912524953028,250.0,95.0
CMP_1064,Facebook,FMCG,Low,82.72211648033158,20,0.3010564166617239,35.705737512871835,12.962839996594731,0.8,2.7234031917073045,161.9173051057905,82.0326423970319
CMP_1065,Facebook,FMCG,Low,208.23997839212524,2,0.48934826351578264,22.055588069350076,10.061604626928485,0.8,2.1884037452763403,128.19063969599222,82.13877380738008
CMP_1066,YouTube,Fashion,Advanced,34.07071031157982,12,0.6473181359470114,45.130192351424135,60.680331047102506,1.65,10.34485369310336,250.0,95.0
CMP_1067,Instagram,Fashion,Low,15.395228454329247,1,0.580371719150322,43.06242234469705,15.855013653951906,0.8,3.458466133237707,185.7558063583886,95.0
CMP_1068,Instagram,E-commerce,Medium,104.94848483499841,20,0.6889092734093791,37.20474384552381,16.360283712604243,1.0,4.419708270737428,204.43241626785948,95.0
CMP_1069,Facebook,Travel,High,18.092926038560247,5,0.4630612590438286,43.85802654131615,25.771668442413333,1.35,4.866801146934082,219.46906600682811,95.0
CMP_1070,Facebook,FMCG,Medium,38.51607346610373,6,0.8045830470210326,27.520086384976818,7.5030975662940715,1.0,2.9367586086012603,139.10187193835827,95.0
CMP_1071,Facebook,E-commerce,Low,44.429497705845016,11,0.5491515956381923,17.421121026137072,12.907765914322118,0.8,3.3334100414662933,105.63532596396466,68.00077576249076
CMP_1072,Instagram,Fashion,Low,51.639828110425285,8,0.7015448271442415,6.41962745240562,17.461604638589666,0.8,4.278475900267356,89.95571718016379,65.70973483968788
CMP_1073,Instagram,Technology,Low,94.75850151216376,7,0.4738452570785795,31.931795506312397,7.299883581737579,0.8,1.4323077535943858,113.8180283013418,87.84990999914729
CMP_1074,Instagram,Healthcare,High,31.597960398890724,4,0.5616781887077016,43.26981887002636,4.77366115487345,1.35,1.7859369272410603,176.67237580308742,95.0
CMP_1075,TikTok,E-commerce,Medium,43.86060769665251,6,0.23079482971430493,28.28195452798939,32.38917291694567,1.0,5.523362866079355,157.93611272152185,68.53881932378893
CMP_1076,Facebook,Technology,Medium,53.9783865646459,16,0.3826489459916058,20.61240993695958,10.359843022672152,1.0,2.3583190779205263,115.01776471966801,57.602856020271815
CMP_1077,Facebook,Healthcare,High,61.53944590378913,20,0.5085072622934158,29.57698348862572,28.082705647878306,1.35,4.729025565222536,160.68888807072383,86.36612514277904
CMP_1078,LinkedIn,BFSI,High,59.04274893534612,15,0.5700123086534064,54.10881957410939,32.20101027351192,1.35,5.657147511514779,250.0,95.0
CMP_1079,Instagram,E-commerce,Low,77.385902067758,14,1.0,21.657912965371576,14.705995625225453,0.8,3.939549947584654,126.08861049083484,95.0
CMP_1080,TikTok,E-commerce,Medium,107.24024604590775,12,0.47362000143475746,52.16621389615945,10.168781521133628,1.0,2.5710266440464444,200.13348804290462,95.0
CMP_1081,YouTube,BFSI,High,74.74686656436279,12,0.2746719535998551,58.55318946939052,25.91198420435222,1.35,4.506384830270993,250.0,95.0
CMP_1082,Instagram,BFSI,Medium,78.48193091037852,16,0.8904969438909847,35.50225850973274,27.422692334894823,1.0,6.351548969623412,196.47179626556363,95.0
CMP_1083,Facebook,E-commerce,Medium,15.397751104843293,15,0.7657675502056864,57.215293952131006,37.99071347391952,1.0,7.233927465207533,250.0,95.0
CMP_1084,TikTok,BFSI,High,56.836695197009135,13,0.31869755931882743,105.16590280192864,19.822608862829174,1.35,3.6718556029624536,250.0,95.0
CMP_1085,TikTok,FMCG,Advanced,80.12645213138985,11,0.6430524139758619,22.221691276298777,37.881370574443004,1.65,6.567219402364521,174.0208646821625,86.12644731264922
CMP_1086,X/Twitter,Healthcare,High,97.82233797926588,17,0.7170412846659033,51.51353086974807,35.83408051319208,1.35,6.762445860362373,244.49655190738247,95.0
CMP_1087,LinkedIn,Healthcare,High,31.378388154605428,15,0.5827650226999432,22.81798572425236,17.08532471804917,1.35,4.410344222402988,141.43228869177875,86.45882607296222
CMP_1088,Instagram,Healthcare,High,32.225838868395364,14,0.6151643840795685,14.25380774263716,18.6109540780547,1.35,4.124605191252343,134.3819773021755,72.05508368838633
CMP_1089,TikTok,FMCG,Medium,34.49172567528242,10,0.42354876634817595,12.106947420096137,27.54770631952068,1.0,4.8112875980290095,107.17287255303907,52.727802690579324
CMP_1090,Instagram,Travel,High,83.85852224639504,12,0.6507578664444815,12.43665366635315,15.385797286738683,1.35,3.734045255139444,94.3059468721583,64.6165019947812
CMP_1091,TikTok,BFSI,Medium,124.84897963178565,16,0.45172914408376097,57.21171571636948,13.350394449465274,1.0,3.2186007004679595,241.12415138525353,95.0
CMP_1092,LinkedIn,Technology,Low,39.41048565083829,15,0.020921170861194383,22.91374080750117,19.974363302557308,0.8,3.1873352168117925,115.11970716722472,51.052686755237374
CMP_1093,LinkedIn,BFSI,High,112.8850281661321,10,0.5892531944132221,43.17113923937438,10.118193712716412,1.35,2.9457100227068165,195.71240054968655,95.0
CMP_1094,X/Twitter,E-commerce,High,60.266949199975905,4,0.21481013709046765,26.534889631916183,22.26390127433706,1.35,4.0570009691245446,144.47890630662025,65.77246339882036
CMP_1095,Instagram,Fashion,Medium,49.430684657258546,9,0.7526988326915454,26.670774281637108,8.718066414871428,1.0,2.860150187242936,143.3630232470251,93.46330121187653
CMP_1096,Instagram,Healthcare,Advanced,46.103672755488496,20,0.3238359713129534,45.22040248857034,18.553219902917547,1.65,3.529371862139853,202.3985459777073,95.0
CMP_1097,Instagram,BFSI,Low,99.21498800932326,9,0.059399158215926506,34.03618600018615,14.58496214432423,0.8,2.1270666557510594,153.38057599774504,60.314031652205855
CMP_1098,Instagram,Technology,Medium,70.84272317842412,20,0.19614176782873738,68.47923167085747,9.801962709942273,1.0,1.6797358544539234,241.1669349347219,95.0
CMP_1099,YouTube,E-commerce,Low,337.194643954504,11,0.5417046683422829,27.63420344253645,11.179084505406387,0.8,2.7361230537941807,131.81664262250064,92.9451093391319
CMP_1100,Facebook,FMCG,High,27.61116681386915,11,0.5873015624480139,30.210679525643318,34.445363659761554,1.35,5.944090474443335,176.74809701627956,85.51680512808036
CMP_1101,Instagram,Travel,High,82.63897004861133,7,0.26747263673792016,26.57511980804321,11.006444175540306,1.35,2.2965713762294473,140.57407004463525,63.14360335772827
CMP_1102,TikTok,FMCG,Medium,35.75317913898235,10,0.3355223490515439,7.502515981182362,49.61462087246701,1.0,7.874350554268955,137.05820713810738,46.118925581172505
CMP_1103,TikTok,Technology,High,27.23683841292818,4,0.5483862224227238,23.566018390720927,32.423831735741565,1.35,6.014023920739449,182.35395522026877,73.87025193376773
CMP_1104,TikTok,E-commerce,Medium,54.125546884434925,5,0.7444455515941264,17.144281805916346,28.624552452945657,1.0,5.9377457871343085,145.0014521664749,88.05678158068524
CMP_1105,TikTok,Healthcare,High,60.93952527730298,5,0.3079835638524224,28.68572271725692,31.199850859734994,1.35,4.900926134949351,163.02109401340502,76.3882180427525
CMP_1106,Instagram,BFSI,Medium,563.7093850971851,11,0.625835052503579,33.82900438791143,23.28489308159762,1.0,4.867423257495604,177.73376657347774,95.0
CMP_1107,Facebook,E-commerce,Medium,47.119331282893434,9,0.20226187420417108,13.112316277655852,26.969365542377403,1.0,3.8303470385899425,98.32953243236946,47.493482655889196
CMP_1108,YouTube,Travel,Advanced,22.106175777077112,16,0.6131777473409068,39.46712848142268,45.44330671555488,1.65,8.219456742973192,239.27774451989387,95.0
CMP_1109,LinkedIn,FMCG,Medium,67.92530013971246,9,0.7011584162111887,54.41061583457223,13.725744869493347,1.0,3.641954791505033,226.0508304969401,95.0
CMP_1110,Instagram,Travel,Low,10.384226477521892,4,0.6548413221445012,23.645153696680726,21.853163333334038,0.8,4.7887555467335226,142.25788037300313,91.35871638353517
CMP_1111,YouTube,Travel,High,50.72579579042609,2,0.7488795561375394,72.24753605082772,29.877163979763274,1.35,6.082466427496736,250.0,95.0
CMP_1112,Instagram,Technology,Advanced,55.30261670903082,14,0.7355484801057686,14.578146754440603,50.75043220482309,1.65,8.928209056724286,165.86849042448625,75.63869853729898
CMP_1113,Instagram,Technology,Medium,103.09803238963428,3,0.9193863631900241,29.90651690965975,4.40899026837236,1.0,2.3553219790954376,140.85310291884772,95.0
CMP_1114,X/Twitter,BFSI,Low,118.97314549581746,18,0.5717236838118174,24.959796655091775,9.19771752117827,0.8,2.338268196370874,130.08954494356652,82.49964935997052
CMP_1115,X/Twitter,Technology,Medium,36.49387013120403,6,0.9199782771394087,26.08335102455564,14.413334150831163,1.0,4.310876360516674,143.70600736711842,95.0
CMP_1116,X/Twitter,Technology,Medium,48.40043437130498,11,0.36118018198268353,58.18199621849454,25.77944992732075,1.0,5.096485004302169,250.0,95.0
CMP_1117,Instagram,E-commerce,Low,29.580144298360146,18,0.5089316512557052,29.056996326724075,26.7099156476221,0.8,5.049679416310029,158.7270774135167,83.13254679112516
CMP_1118,TikTok,Healthcare,High,22.143631897115913,12,0.5269993653919867,9.690198277287944,34.801984282977266,1.35,5.977848459836789,132.14379203923437,55.68054246986398
CMP_1119,Facebook,BFSI,Advanced,69.95945244999605,5,0.34144310816196766,76.39605498837442,44.2451502765977,1.65,7.236242072723876,250.0,95.0
CMP_1120,Instagram,E-commerce,Medium,19.710107221865623,9,0.07786822655717612,16.706618891925547,10.45373101835397,1.0,2.01749773517939,87.74534927203,41.681782454803084
CMP_1121,TikTok,Healthcare,Medium,39.1851747277811,20,0.7238596723623302,33.84299973737228,22.57058285368109,1.0,4.999490952537382,188.61479228155284,95.0
CMP_1122,TikTok,Travel,Medium,24.627429253492924,18,0.36401316921946836,30.150590232527215,13.641631362804775,1.0,2.7844515328303183,137.5530645128309,77.89444966988685
CMP_1123,TikTok,E-commerce,Low,84.75345810544684,19,0.46983419854341085,25.139617798398312,28.094857742754265,0.8,5.074603780035872,149.63609736667544,75.47660503476884
CMP_1124,YouTube,Fashion,Advanced,230.70597849112804,3,0.866917052954139,26.812833844357996,23.520589129765728,1.65,4.755389278549137,164.2267809598107,95.0
CMP_1125,LinkedIn,E-commerce,Medium,19.273471443397995,9,0.6644170150945623,40.869904588151705,7.000667623715318,1.0,2.314470451116306,147.70747184631904,95.0
CMP_1126,X/Twitter,Technology,Medium,12.398620466023981,4,0.8980422909470056,26.466250560601516,26.56848360450487,1.0,5.6650690308015035,167.67087088351172,95.0
CMP_1127,Instagram,Healthcare,High,49.406919820397576,17,0.5741062068192546,34.886003083594915,35.3645578633267,1.35,6.326540145710891,195.07493557387593,92.40930681959301
CMP_1128,Facebook,BFSI,Medium,55.28812992568732,17,0.6610985454595418,27.845372775370244,17.383021408195695,1.0,4.014137538829447,146.4073676990336,85.13167342344782
CMP_1129,Facebook,BFSI,High,65.03512089303221,2,0.5018656884999501,24.862758701982692,28.82126866858648,1.35,5.852057530827015,175.48644960541884,81.86303933786994
CMP_1130,Facebook,Healthcare,Low,38.20412858112819,9,0.3802607402446957,52.99695349639596,15.138826823936936,0.8,3.037281113184585,215.23307551606598,95.0
CMP_1131,YouTube,Technology,High,46.501685578654524,9,0.6603585908270625,34.18614264824514,28.803672721784206,1.35,5.820757413929228,180.86651366055412,95.0
CMP_1132,X/Twitter,FMCG,Advanced,73.25952901896761,5,0.462819758033902,95.71424824407644,39.80813950319032,1.65,6.87865410392218,250.0,95.0
CMP_1133,Instagram,E-commerce,High,125.50488901600262,15,0.6789043932487449,46.26526448849194,33.43207932883979,1.35,6.35430295021152,234.44188269637849,95.0
CMP_1134,Instagram,Technology,Advanced,11.426794402475371,15,0.4359061964023562,104.90048454486575,20.633331853939204,1.65,4.309041073914873,250.0,95.0
CMP_1135,LinkedIn,Fashion,Low,40.64388721920166,3,0.5149233494628966,5.002894819689878,9.994177312111008,0.8,2.641081184129846,78.7636309266648,48.90342057053269
CMP_1136,Instagram,Travel,Medium,64.78324694628836,19,0.5309434989398849,25.60760741104547,21.599849129788584,1.0,4.535549469857768,140.21092809793237,71.59907323793419
CMP_1137,TikTok,Healthcare,High,26.196324543091375,3,0.7653930050091319,20.741767768233725,13.261039893292807,1.35,3.8918977968382027,128.80521525840234,77.59738673742838
CMP_1138,X/Twitter,E-commerce,High,218.0960812593902,6,0.4651302717548526,11.386005840700692,8.328070339982675,1.35,2.288339288648108,62.165958396783466,52.269841671074765
CMP_1139,X/Twitter,BFSI,Medium,32.840814810992775,4,0.7873980239185236,28.236323491373653,21.704032349975538,1.0,4.903769572700139,144.60096305943188,95.0
CMP_1140,X/Twitter,Travel,Medium,52.824011489321805,13,0.36902965191987985,50.45591868984479,18.488320271142445,1.0,3.7323866721151706,214.06021119464975,95.0
CMP_1141,YouTube,FMCG,Low,85.18434539636604,13,0.6039715183339214,26.75000688079046,28.74627932332985,0.8,5.32522821389216,196.1425613058576,83.47079204429946
CMP_1142,Facebook,Fashion,Medium,34.02080226878546,11,0.4124798744822422,49.21636481372817,10.174711477474442,1.0,2.1616513851490664,187.9688300356117,95.0
CMP_1143,LinkedIn,BFSI,Low,12.462717179256126,5,0.773149164447942,22.222731889006532,27.531082385416752,0.8,5.4483330191216,158.95402183281072,92.8808322431492
CMP_1144,X/Twitter,Healthcare,High,38.747892935651215,1,0.38626730089289596,76.4581414741055,16.235575996816888,1.35,3.060692194687758,250.0,95.0
CMP_1145,Facebook,E-commerce,Medium,124.40625305305899,9,0.4066534512355665,38.94003468430778,33.10503468460028,1.0,5.422989921216398,212.06442122343168,95.0
CMP_1146,TikTok,Healthcare,Low,41.699281505479405,17,0.29873951330095205,33.401286496975224,7.71815247338479,0.8,1.2582826096907895,134.38633567897884,77.68005148406637
CMP_1147,YouTube,Travel,High,27.73936598031131,1,0.5706081228972043,63.23882845929377,35.07714528380942,1.35,6.156249238168801,250.0,95.0
CMP_1148,LinkedIn,E-commerce,High,114.4957572362117,3,0.66820974096987,41.55410767844064,19.012859480935347,1.35,3.4826935382365996,183.960923352236,95.0
CMP_1149,TikTok,Technology,Advanced,41.90394952315092,15,0.6466258367381594,83.32507834149345,12.981669687087011,1.65,3.32567277347704,250.0,95.0
CMP_1150,TikTok,FMCG,High,36.30194601562782,10,0.5211524080125891,20.190671453184017,17.19211592820279,1.35,3.6507480908669874,115.49389065841315,71.23818254574371
CMP_1151,YouTube,Technology,Medium,61.532461924743295,8,0.4178917736925365,13.072842755105324,12.372204266590744,1.0,2.9139503273577656,98.00073096235602,42.801196093069414
CMP_1152,YouTube,Technology,High,101.14955535379828,12,0.4942640164584208,79.85561468069572,11.813361928317722,1.35,2.4807798982856353,250.0,95.0
CMP_1153,LinkedIn,Healthcare,Medium,367.00329469543686,15,0.5018940954129594,9.73097540846502,13.845471326778522,1.0,3.230286079461612,83.60331933556357,52.04950671474202
CMP_1154,LinkedIn,Travel,Low,105.82522220299127,9,0.6005220854844,17.837186463048397,4.145739852515574,0.8,1.5803373319247658,101.86218711157555,69.08613589512711
CMP_1155,LinkedIn,FMCG,High,138.0853501203356,10,0.586770562094645,41.417768205097474,23.425210453134397,1.35,4.919561253448891,198.27267813170423,95.0
CMP_1156,YouTube,E-commerce,Advanced,36.423968776531375,20,0.8979438149168697,51.759855657972246,36.52127319782107,1.65,6.727505642639867,250.0,95.0
CMP_1157,Instagram,E-commerce,Medium,24.030059245462308,9,0.5579272130162967,21.659594546993766,6.9509180848466,1.0,2.0873034414274287,104.06824777690352,72.03934902751656
CMP_1158,TikTok,Fashion,Medium,57.38971348544599,15,0.6221601936930421,43.066839537815,7.19550223364442,1.0,2.2039143038689755,184.81329304599572,95.0
CMP_1159,TikTok,BFSI,Low,59.48569908843541,1,0.5642911612810524,26.946530366004637,27.386464808797594,0.8,5.475637098551971,179.64276064980407,81.19355014414889
CMP_1160,Instagram,Fashion,Low,23.039031674046743,2,0.48465328800693414,18.93914835197816,24.523712429983174,0.8,4.882464331854746,115.72745183305605,54.347152431496816
CMP_1161,YouTube,Fashion,Medium,47.454168714049686,19,0.6208149002027892,18.357139569409405,9.123907598252739,1.0,2.975862227605602,100.93199131864658,66.60327385340821
CMP_1162,Instagram,E-commerce,High,75.14759262156075,14,0.4658678812103164,17.83065983706176,56.98137216836299,1.35,8.87466688304754,177.63321453568398,67.7076776187782
CMP_1163,Facebook,Healthcare,Low,72.84360283963393,8,0.5383565497425298,17.458181837099886,27.820183202479225,0.8,5.698603986681625,133.911241095276,70.74086859702402
CMP_1164,YouTube,Technology,Advanced,81.73074792931288,6,0.7818537076955407,52.03442124432321,57.29655885682023,1.65,9.880505674995685,250.0,95.0
CMP_1165,Instagram,Travel,High,68.90796572005853,12,0.4529281143415043,91.70617711749432,53.96461591262167,1.35,9.512979023659716,250.0,95.0
CMP_1166,YouTube,Technology,High,36.39360500688506,15,0.6274687871506135,37.80600868253617,24.221736358008705,1.35,5.555310654431283,190.62447321523865,95.0
CMP_1167,YouTube,Technology,High,36.19349833447359,14,0.05373017950274728,15.788615839737457,50.79324736194995,1.35,8.08377099382779,178.54657727161884,28.971219136354968
CMP_1168,X/Twitter,FMCG,Low,20.922787616889334,1,0.5129312178686235,24.74990009676338,7.158528842116314,0.8,1.8424542599575793,130.34808248976003,79.76885633121375
CMP_1169,Instagram,E-commerce,Medium,227.6524289399502,11,0.4515762540616967,43.57988363814288,30.172670911184774,1.0,5.055709736216485,198.10162033439374,95.0
CMP_1170,Facebook,Travel,High,55.18881421386651,3,0.574052086860462,20.05443682571543,26.16023957277979,1.35,4.860564716594293,132.433888649939,77.0229099770844
CMP_1171,LinkedIn,Healthcare,High,45.60956965528386,19,0.5027526447336108,38.58268192725534,21.1898118570998,1.35,4.355114338373672,196.35330551451432,95.0
CMP_1172,TikTok,FMCG,High,25.970631316646234,18,0.5783035550148762,55.06545195717537,34.239391778867464,1.35,5.973519060188764,250.0,95.0
CMP_1173,LinkedIn,BFSI,Medium,571.6496603681123,20,0.47426674279440983,6.500600139443642,54.34869713919028,1.0,8.543308383791473,156.05909423928506,38.98244757753692
CMP_1174,Facebook,Healthcare,Advanced,23.134790672291057,2,0.6272669398231691,24.25723278229989,44.66019655676133,1.65,8.277893834649241,216.82634471844494,86.89837979938831
CMP_1175,LinkedIn,Fashion,Low,38.74189836602697,7,0.20707159970262212,16.53418863041671,7.325052888002557,0.8,1.3327927252195149,89.77632994979419,45.49497099829932
CMP_1176,X/Twitter,Healthcare,Advanced,76.14728832299879,8,0.5722824592160859,43.48573875317151,17.27928197271278,1.65,4.010814405903695,211.35355985789607,95.0
CMP_1177,YouTube,Healthcare,Advanced,88.24970672650024,19,0.3625841500366851,32.68390382742121,13.137183816187203,1.65,2.9272404293803116,179.888199892591,87.05676403668537
CMP_1178,Instagram,Technology,Low,117.4891094988541,15,0.7835733086548134,17.24291860205023,28.941080731243574,0.8,5.96759611461888,143.1940556292313,77.79077473988863
CMP_1179,YouTube,Healthcare,High,231.8491179000535,10,0.3593572028240076,53.72898260085037,34.098735245223835,1.35,6.085332351227169,246.36984695918716,95.0
CMP_1180,X/Twitter,Fashion,Low,81.85309567067387,1,0.749044136804009,42.08839731649692,10.823196795380275,0.8,3.5657988541571073,191.60381187011174,95.0
CMP_1181,TikTok,Fashion,Medium,23.457150177265653,6,0.5476934717610537,23.148883582993214,23.13552108456522,1.0,4.794971007073564,162.91859846386734,71.43323443419352
CMP_1182,Facebook,E-commerce,Medium,44.453508930043334,13,0.18424743536894123,47.444232483968364,7.444505886558386,1.0,1.7224719162262034,201.1341699657472,95.0
CMP_1183,LinkedIn,Healthcare,High,69.84411973724976,14,0.37474653016377524,27.904690651785913,26.10720862858973,1.35,4.781867462902229,162.56213811544092,84.44705472037796
CMP_1184,TikTok,Technology,Advanced,285.59674496087337,3,0.7195602048258639,40.48589008801366,11.565350163945567,1.65,3.04400563098843,176.33457613216532,95.0
CMP_1185,Instagram,Healthcare,High,17.845575694668533,11,0.7082017649699177,31.88163808608914,30.228044128091682,1.35,6.043099199812641,175.4188059808291,95.0
CMP_1186,TikTok,BFSI,Medium,142.88801394272593,3,0.290129845453917,14.493940309432723,53.935203354710914,1.0,8.733264518787127,169.07929710364746,48.00865271368672
CMP_1187,LinkedIn,BFSI,High,63.050216465283796,19,0.8625711451285172,26.86283821616975,14.572141959885622,1.35,4.057706396991787,137.4957327342073,95.0
CMP_1188,Instagram,Technology,Advanced,106.72596005327746,10,0.5450871585980233,36.75674660332135,10.185346693566235,1.65,2.7180539678077755,153.16661797200516,95.0
CMP_1189,Facebook,E-commerce,Low,50.320081231594735,15,0.7269691308401923,15.358410206277728,21.85713921314575,0.8,4.595310755132697,123.58119184957368,77.11060437095621
CMP_1190,YouTube,E-commerce,Advanced,27.828311336884767,11,0.30763173009136996,30.1926945735192,56.310872616081475,1.65,9.403726711977908,210.6482098825303,61.79830884408105
CMP_1191,Instagram,Fashion,Low,99.5538021868392,15,0.4588101967653872,15.574484614809581,29.52307864257378,0.8,5.187903520429952,132.5317632494374,53.10887583212454
CMP_1192,X/Twitter,Fashion,High,92.1617164717385,13,0.6331808540515711,54.82677357977292,6.1746969351361916,1.35,2.310829182869711,221.69982921957126,95.0
CMP_1193,Facebook,FMCG,Medium,118.82425735696746,5,0.4873673094008739,22.8370793174546,32.636254092885544,1.0,6.0246846037238795,150.2772907803279,75.12112041348796
CMP_1194,LinkedIn,Technology,Low,54.020104978930256,4,0.0,8.184570373022591,4.531650751591949,0.8,0.3647652340197331,43.04071850683353,19.967164838450277
CMP_1195,Instagram,Healthcare,Medium,33.789239078647356,13,0.5118435326014289,21.5801589044329,42.45634014398015,1.0,7.860685898919732,164.60350240500182,74.45365070851496
CMP_1196,TikTok,Travel,High,15.689165898404378,9,0.15706037111489168,75.5236058946249,34.49495564090835,1.35,5.476060014060778,250.0,95.0
CMP_1197,TikTok,Technology,Medium,105.16164204939763,17,0.33586149168189505,52.4977039821418,8.666708420263518,1.0,1.673633582823526,182.69990771226614,95.0
CMP_1198,TikTok,FMCG,Low,76.63942154588665,2,0.26942644145089767,15.177134174928554,8.180180607539501,0.8,1.7659891244853898,93.71905511941617,47.25136762671401
CMP_1199,YouTube,Fashion,High,25.2133569982434,5,0.7765110914166411,36.59113364735116,25.15284332140178,1.35,5.033599441882542,193.07467390441346,95.0
CMP_1200,Instagram,Technology,Advanced,35.486099675392545,16,0.8392710209887645,70.97352817673834,32.77475998534497,1.65,6.420768860485016,250.0,95.0
CMP_1201,YouTube,Technology,Medium,37.58454581844109,7,0.6183127863501618,32.42918603223594,10.95683720615723,1.0,2.700298136683543,166.41158345033142,88.11526585332243
CMP_1202,Instagram,Fashion,Medium,16.670029300073967,1,0.5039862596055612,35.239708816282096,11.158067143628603,1.0,2.640933040277615,145.53890504350602,95.0
CMP_1203,Instagram,FMCG,Medium,28.38480829100297,12,0.5556677558967191,22.67660466873322,29.23034265444269,1.0,5.905317939267566,177.14443558698667,79.0286069864444
CMP_1204,Facebook,Fashion,Low,22.04169120003756,11,0.7763709670032188,54.783451320322364,11.081527912667793,0.8,3.2468805810459846,217.96587948736834,95.0
CMP_1205,X/Twitter,E-commerce,High,39.2525649245566,12,0.15331434133745875,10.013032250840046,6.567085211120363,1.35,1.3410159467303646,58.06288008927248,29.129610115320983
CMP_1206,YouTube,Healthcare,High,30.236264079547716,19,0.33497962190436925,8.826727348833154,32.784699636157725,1.35,5.444563442706219,106.73631678697907,36.3800225060412
CMP_1207,LinkedIn,Fashion,High,14.85588470683743,12,0.7508084805583926,44.59960293862009,37.40281606136679,1.35,7.197036995894587,237.28242576592876,95.0
CMP_1208,Facebook,FMCG,Medium,275.3580317316496,12,0.7924541956195867,27.149571001965544,9.285744965075398,1.0,2.9678444555867514,158.654285733722,95.0
CMP_1209,Facebook,BFSI,High,148.715128222321,14,0.6679442600026717,17.710753078276575,14.825320261104272,1.35,3.5345456417887444,87.39497861616935,74.95034286404332
CMP_1210,TikTok,E-commerce,High,29.276479985272996,2,0.34100568682964094,40.73715389471208,22.69829103131376,1.35,4.298875301468819,212.32043130496896,90.70576502068428
CMP_1211,Facebook,BFSI,High,67.89328385146128,2,0.7479097962146876,40.87600725393782,55.05609676320051,1.35,9.471783616701261,250.0,95.0
CMP_1212,X/Twitter,Travel,High,76.24654262656105,4,0.8222865382557704,21.43488027033242,45.462170163994614,1.35,8.843842969914325,192.1088366668208,88.9641359016426
CMP_1213,Instagram,Fashion,High,141.58053170082871,20,0.6936500535008382,50.89270115897954,8.358200206689855,1.35,1.8323313946759545,188.67785076226963,95.0
CMP_1214,YouTube,E-commerce,High,28.363865079301913,16,0.051198071363872666,15.639747701047831,54.57528984199463,1.35,8.260762667276222,165.12245423985055,37.15206059380046
CMP_1215,LinkedIn,Healthcare,Medium,130.80209126841754,10,0.5749189617831953,31.345142402143058,31.255536329660053,1.0,6.245784727370411,197.49786918842096,90.63308991385875
CMP_1216,Instagram,Fashion,Advanced,35.22217150554817,13,0.6670480128583631,86.23050916186102,26.774859070633944,1.65,5.712345294676009,250.0,95.0
CMP_1217,Instagram,Healthcare,Medium,18.75218120652407,2,0.44687653393554716,41.50352401920396,11.447868679732633,1.0,2.658445149296846,168.0978349087536,95.0
CMP_1218,LinkedIn,Technology,High,97.44705914935832,3,0.587335384819518,7.749328845254075,27.900391484527283,1.35,5.116753711197971,112.38392393050914,64.50643327469511
CMP_1219,LinkedIn,BFSI,Medium,153.33218923831475,19,0.44730816772876564,61.85902170839523,25.571226079535826,1.0,4.690279129016444,250.0,95.0
CMP_1220,Facebook,E-commerce,High,432.8222686921687,6,0.3776813208226508,24.960270396861485,7.770701140762862,1.35,2.698411034776784,125.50075141773011,72.20541059047032
CMP_1221,TikTok,Healthcare,High,20.90983846015316,19,0.8521181634506878,36.094951408325855,23.54026965471354,1.35,5.447905428893194,206.78495569545152,95.0
CMP_1222,Instagram,FMCG,Low,95.50090730950387,20,0.5930137340504533,14.315715164458462,55.58817635207433,0.8,9.014088379188788,179.05240770066376,74.74785739153245
CMP_1223,Facebook,Healthcare,Low,39.33674246832432,19,0.32880407076666074,9.698841114284333,14.401135688150818,0.8,2.842652687994761,67.02092849366201,41.924512897196706
CMP_1224,TikTok,FMCG,High,102.17499376414592,8,0.2746799936922369,8.48996772851143,33.27175901393393,1.35,5.3605423189601265,111.14583937057859,42.22597171980779
CMP_1225,Facebook,Fashion,High,16.83749692342731,14,0.37780357893162764,24.35737248266591,11.501560184606076,1.35,2.0998616442705336,122.46416132118812,66.73983030912129
CMP_1226,LinkedIn,E-commerce,Medium,19.8813912155457,10,0.3788853250484726,12.484354098492059,15.414493075112164,1.0,3.2147390915080023,97.51741537557444,50.73742767808731
CMP_1227,Facebook,Healthcare,Medium,29.35022291975253,3,0.5793060556042675,17.864563151205555,20.750380971591422,1.0,3.9800768265974,96.1847073035755,71.65506412111242
CMP_1228,Facebook,Travel,High,58.158453157033804,6,0.6471113444377652,28.153830286336945,53.212835535917044,1.35,9.740642492178457,207.80288604328933,81.28969496848825
CMP_1229,TikTok,Healthcare,Low,32.692149962321665,15,0.6468973699667901,12.222238772801866,12.341758679575387,0.8,3.547381968921608,81.50079603994581,68.13916747481846
CMP_1230,Facebook,Travel,Medium,92.50322188775282,18,0.3999776025690418,52.62523617723356,11.041316192997673,1.0,2.2372684884414427,198.38159264709608,95.0
CMP_1231,TikTok,E-commerce,Low,124.15312646563132,14,0.7341261429167032,18.148365121369608,25.13913891250224,0.8,5.001472784132181,135.84156154368642,77.90080473943756
CMP_1232,Instagram,Healthcare,Low,88.20485730629277,19,0.7955688630272907,59.21104227957162,28.022035098796067,0.8,5.996421399340104,250.0,95.0
CMP_1233,Instagram,FMCG,Medium,199.34362845745468,10,0.4980073265961313,72.91546998715012,25.76175034479336,1.0,5.165606150953272,250.0,95.0
CMP_1234,Instagram,Healthcare,Medium,76.14666654755207,15,0.34358584057559527,33.08219633071021,21.39670208028561,1.0,3.8211809406027135,147.69006212848484,74.92517506667437
CMP_1235,LinkedIn,BFSI,Low,20.624560682013243,4,0.5700565029083491,24.06254762745018,22.194810084116394,0.8,4.762871057298055,136.8540375350057,77.79510932802961
CMP_1236,Facebook,Fashion,Medium,162.5037715161595,2,0.9820152496126335,45.88488135242151,33.33570563756254,1.0,7.463721137672083,237.66399819685319,95.0
CMP_1237,TikTok,Technology,Medium,33.64535512064083,3,0.33834048642488945,6.479860810522366,22.812411482532653,1.0,4.197515223434133,98.62641470493583,38.27818226896356
CMP_1238,X/Twitter,FMCG,Medium,113.1070595407578,7,0.44476733940663404,47.53491888417168,27.03304869938764,1.0,4.63578572920897,222.54546862754748,95.0
CMP_1239,TikTok,BFSI,Medium,192.28667804234377,16,0.561486812059527,24.1021800402728,30.740119219729234,1.0,5.96964680068174,171.78181134355185,75.29692158642308
CMP_1240,Instagram,Travel,High,78.67696419576167,10,0.6583328049031877,16.391804619611605,49.12705688622121,1.35,8.728678694916372,178.5389660014857,71.1702934563764
CMP_1241,TikTok,Fashion,Low,16.49525806279236,19,0.15288400129588114,8.684104878513526,34.052768024553174,0.8,5.317216730811997,118.08196280476682,32.782406009859066
CMP_1242,YouTube,E-commerce,Medium,26.191377846900743,17,0.8111775388600349,32.55695171672693,11.627912265273437,1.0,3.592054888690517,147.1159591124416,95.0
CMP_1243,YouTube,FMCG,Low,157.3064122204129,19,0.8084583897362841,33.29513477030723,7.92389842592607,0.8,3.167620686367393,171.25883430137765,95.0
CMP_1244,YouTube,Technology,Low,47.68905189290964,5,0.4650412718418544,49.30529316501212,14.237260464032316,0.8,3.12147504682027,215.85403251126007,95.0
CMP_1245,YouTube,Fashion,High,58.18681763432683,20,1.0,16.41719179724073,60.56311852569426,1.35,10.400725124484175,190.32156865179135,95.0
CMP_1246,LinkedIn,Travel,High,100.18911328833079,13,0.7955410765851586,41.35842174498548,21.262798955948057,1.35,4.816446444846942,211.57242886237103,95.0
CMP_1247,Instagram,Technology,Advanced,95.302714087738,13,0.7848899865976415,45.14961112544709,53.27613696894678,1.65,9.629289394077103,250.0,95.0
CMP_1248,Instagram,E-commerce,High,68.24061052724134,11,0.7875106379562025,77.22441493710558,11.513095125644437,1.35,4.077759204415689,250.0,95.0
CMP_1249,TikTok,E-commerce,Advanced,46.20395049693125,11,0.781743211741608,32.2213403403104,56.14545979424424,1.65,10.024191833947523,242.32647900872584,95.0
CMP_1250,LinkedIn,Travel,Low,42.51535239028427,16,0.5456181023435441,14.248991615532939,29.41165926522293,0.8,5.451589490602432,122.97459561290839,64.20645158243492
CMP_1251,YouTube,FMCG,Low,108.45323434826142,15,0.5258080009734294,12.400912160653984,24.491142013313677,0.8,4.9322311824014555,129.58890302905183,59.4986302786971
CMP_1252,X/Twitter,Travel,Low,85.01737308612718,17,0.3612859864559677,27.74953289010524,34.1012569083502,0.8,5.747716534125404,167.7000792946859,73.2157691936938
CMP_1253,Instagram,Healthcare,Low,44.440890352512994,18,0.43452564595406246,48.768335779490855,16.52375734738167,0.8,3.1417769142015812,207.14465568618783,95.0
CMP_1254,Instagram,E-commerce,Medium,129.76042302184624,19,0.4878204635428962,63.381498692686186,19.211482939845187,1.0,3.379039595130185,250.0,95.0
CMP_1255,LinkedIn,Fashion,High,49.243269968567795,4,0.5630920100379534,79.48610698136066,9.616869633831088,1.35,2.3900567633730128,250.0,95.0
CMP_1256,Facebook,Healthcare,Low,27.623593942471434,5,0.8696592095007007,48.471878216179576,7.4546129195243624,0.8,2.285171666068741,175.79060258181423,95.0
CMP_1257,Instagram,BFSI,Advanced,29.749830689830915,7,0.129501035714771,13.443319817722932,15.143090900085445,1.65,2.615439817000651,100.5769384067087,40.09191138325763
CMP_1258,X/Twitter,Technology,High,24.95333126580038,2,0.8189868552155226,20.061096459476964,38.805846102265974,1.35,7.523601273000383,170.1120091867002,82.86179937158445
CMP_1259,Instagram,Healthcare,Medium,43.90692211099574,1,0.34762480429476283,18.923627425338935,11.39966213323202,1.0,2.61412477917925,126.45765957802574,58.321374555330834
CMP_1260,X/Twitter,Technology,Low,146.49326030706715,12,0.5290960313112427,37.565326811688124,24.936844825188196,0.8,4.489388228784885,198.73584365748678,95.0
CMP_1261,Facebook,Travel,Low,28.67208080879334,10,0.4051204287076797,33.125864906670635,20.4478491171582,0.8,3.4458049966077966,172.75145785393013,79.45370602220807
CMP_1262,YouTube,Healthcare,Low,63.48353676968167,8,0.9208553818931327,16.33361032983802,25.51112584401273,0.8,6.285618837655314,151.7622644901097,94.37387298486378
CMP_1263,Facebook,Travel,Low,32.286478603550904,1,0.45000844580681915,30.864350845929383,6.73354341901355,0.8,1.8864582399869678,142.77294726774488,78.45508589976029
CMP_1264,X/Twitter,BFSI,Medium,44.3340394549848,12,0.6542895853258424,15.281911356707138,6.837231506890016,1.0,2.5441068920381147,97.9393254526235,74.3289397625637
CMP_1265,Instagram,E-commerce,Medium,16.31307658086711,2,0.664653335655247,4.8453347879887225,12.216451424282097,1.0,3.201647662076442,81.2009331584272,44.339296351364474
CMP_1266,Instagram,BFSI,Medium,45.76727960401021,10,0.3179986499758881,62.44973216959584,41.07023607405381,1.0,7.020015831014379,250.0,95.0
CMP_1267,Facebook,E-commerce,Advanced,46.760353485995225,17,0.5306459295723119,52.96370040107903,33.6315673659252,1.65,6.174438085691688,228.56491330066694,95.0
CMP_1268,X/Twitter,Travel,High,84.11882269786666,3,0.79086525262141,60.047126028140006,38.1239675117096,1.35,7.059721596112336,250.0,95.0
CMP_1269,LinkedIn,E-commerce,Advanced,65.27601934360602,7,0.3753530378314035,48.00192091482311,26.338140266464727,1.65,4.863973686818647,229.6748430757764,95.0
CMP_1270,Facebook,Technology,Low,20.93215095225682,12,0.7157931218962537,15.968619109064786,44.109936136166624,0.8,8.1392563727302,152.3610444056489,86.31819526566727
CMP_1271,LinkedIn,Fashion,Medium,129.9771408313137,8,0.48378400573981445,16.239125563071266,16.78731263539683,1.0,2.9809668279333787,109.62620378431475,63.90030471508986
CMP_1272,TikTok,BFSI,High,64.60181020709412,20,0.7827308046073208,38.38780630578053,30.633046714689698,1.35,6.248779786421929,215.13118201078734,95.0
CMP_1273,YouTube,Healthcare,Low,63.989231650486744,12,0.8994993883778379,15.330786840795678,8.639384264098299,0.8,2.9787726096225877,112.52813019895792,86.03412161391488
CMP_1274,Instagram,BFSI,Low,54.19854793892012,3,0.14843202006711015,13.44344073018867,8.048280161225144,0.8,1.3040782662822308,74.92236971924831,31.46089170058884
CMP_1275,X/Twitter,Technology,High,36.081996976025906,17,0.2823729819782039,15.77421959296204,40.81065670147918,1.35,6.978947189016303,135.8497991368477,45.92861987417691
CMP_1276,Instagram,E-commerce,High,64.99054981075376,9,0.46229807725404765,12.032742209963864,25.89759021691208,1.35,4.787677824586363,108.7105408485307,58.11715711719785
CMP_1277,Instagram,Technology,Medium,79.87562590656002,10,0.8430848841688563,52.066857290448944,7.333362550646121,1.0,2.7737481808432265,204.60964513831917,95.0
CMP_1278,TikTok,FMCG,Medium,13.497216067055803,6,0.6564932109335886,37.26140701982855,31.134299466685523,1.0,6.009906231604035,202.7304342627262,95.0
CMP_1279,Instagram,FMCG,Medium,35.480786695469845,1,0.3010496802057707,17.502892359031748,10.597051719048498,1.0,2.1819500014306086,99.91324593662884,54.758029143981105
CMP_1280,X/Twitter,Healthcare,Low,44.524625746747866,12,0.6857840650884994,18.73402901220993,24.584324281084957,0.8,5.029888702904553,134.18767099105887,83.9715471241579
CMP_1281,LinkedIn,Technology,Medium,67.01634095843285,5,0.36725305347964254,22.54677783064341,4.060632468015836,1.0,1.780425923993219,112.96609929092253,66.94157053269359
CMP_1282,YouTube,Travel,Low,141.8327866231071,13,0.7241063868430713,21.401690820413965,46.826433581611056,0.8,8.266904391901388,172.4262049499036,84.38874348715399
CMP_1283,X/Twitter,Healthcare,Low,29.447450866055984,15,0.6577929994707982,6.52060585091693,26.835042798883162,0.8,4.819803729178492,100.99787059889773,59.53737393547042
CMP_1284,Instagram,Travel,Advanced,36.65795736662673,11,0.36637763711503357,70.7675035251279,12.720138598925164,1.65,2.6541773249655907,250.0,95.0
CMP_1285,Facebook,Healthcare,High,36.23308716576183,8,0.5368091132956211,11.014466126770522,44.55676484746833,1.35,7.475307614075819,140.73271895841853,59.080736415418514
CMP_1286,X/Twitter,FMCG,High,28.754029901759235,5,0.7949367523178511,20.289990722800074,23.410717322150735,1.35,4.772455651689107,119.85084763224847,89.92689397955246
CMP_1287,Instagram,Healthcare,Medium,41.35737677183796,2,0.17159253856734952,30.190121910944182,41.297215289478736,1.0,6.533047074093715,198.40396143418553,65.24516700336972
CMP_1288,Facebook,FMCG,Medium,101.15376410193055,12,0.6102217614237431,27.207125730570382,21.90097196434797,1.0,4.587992758934088,153.61607469708713,85.03137989363151
CMP_1289,Instagram,E-commerce,Medium,23.498382845767484,2,0.3286201356232716,36.01094789584621,8.10533821739083,1.0,1.8209381733599779,153.27210666634628,81.06976687842965
CMP_1290,Instagram,Travel,Low,76.88044217353833,16,0.5467624781502383,30.525618344907436,10.499914363729609,0.8,2.5314928669523002,133.74306598510694,87.19874024201968
CMP_1291,Facebook,Technology,Low,13.991894756336084,3,0.641552447371456,46.43243779162085,10.935079788868864,0.8,2.8632162015137874,188.05807989448334,95.0
CMP_1292,Instagram,Healthcare,High,34.845695093451035,10,0.9526337947856682,35.70300630288716,33.85078067203374,1.35,6.967603917499051,201.05973050992162,95.0
CMP_1293,X/Twitter,FMCG,High,41.94706892637779,19,0.544740443832396,73.18827164607659,53.24929101656373,1.35,9.07607007107078,250.0,95.0
CMP_1294,LinkedIn,BFSI,Medium,208.48930361814467,8,0.8431051318443852,32.85983863955672,17.005143364139723,1.0,3.699316352968302,168.7239012035221,95.0
CMP_1295,YouTube,Travel,Medium,43.822972062162286,7,0.3819003626501989,49.18557854041985,16.952193119628852,1.0,3.568797219857948,200.37052537567848,95.0
CMP_1296,Instagram,Healthcare,Advanced,9.383991647193563,1,0.4509959874033047,64.05546792074973,77.26029630722682,1.65,12.053754315836143,250.0,95.0
CMP_1297,Instagram,Fashion,Low,11.032978957141388,12,0.6674117191697366,22.997817143036336,15.987486346404062,0.8,3.531621578660802,128.92401505948024,93.37194725446021
CMP_1298,Instagram,E-commerce,Medium,56.10492896889967,5,0.5903522096813923,22.171652774799536,16.98776546278843,1.0,3.2626080445023704,127.60746710137059,78.28492746374663
CMP_1299,LinkedIn,E-commerce,Medium,89.21210035875826,16,0.48431622363453963,43.00678274902516,4.584531711447598,1.0,1.7064929648776372,160.51377652164587,95.0
CMP_1300,YouTube,BFSI,High,73.72667589154668,4,0.4788971108624629,39.82208613178477,34.18814696875711,1.35,5.872839267837366,214.59053661513136,95.0
CMP_1301,Instagram,FMCG,Advanced,62.43063401527591,17,0.8166589111837002,35.381639317440865,54.08024406898869,1.65,9.690207105774974,239.6389399911155,95.0
CMP_1302,TikTok,Healthcare,Medium,138.3529014750251,2,0.4923115657944854,6.211375677705791,18.728268824854208,1.0,3.570996561498857,80.10187559552755,47.6254076246741
CMP_1303,Instagram,Travel,Advanced,35.45722439785435,12,0.3458301358567806,44.9999050928901,40.19274913118645,1.65,6.404340597095867,250.0,95.0
CMP_1304,X/Twitter,FMCG,High,111.71248191530611,1,0.37902487514845584,58.35551285001708,45.66037590258061,1.35,6.854108092122032,250.0,95.0
CMP_1305,YouTube,E-commerce,Medium,14.796461908866014,12,0.6839802271363233,47.79944740715919,15.439268667988376,1.0,3.5064210762291657,210.8778949398251,95.0
CMP_1306,TikTok,FMCG,Medium,26.470786631545188,12,1.0,37.008294279638946,28.43102856599227,1.0,5.901627861837712,206.19686852020885,95.0
CMP_1307,YouTube,E-commerce,Medium,12.863153211564795,12,0.4452034633404033,56.78524557659277,15.960078943786606,1.0,3.440295108254263,237.94468396219648,95.0
CMP_1308,YouTube,FMCG,Advanced,43.82146472098702,19,0.9797251050713527,16.37769673160838,19.98641062385682,1.65,5.581682923344469,141.97031070049832,94.69304312630959
CMP_1309,Facebook,BFSI,Low,52.61446206668216,17,0.5478318464880352,7.594733284675309,33.96065767209505,0.8,6.738740102492424,125.58178246640705,61.29262997284778
CMP_1310,YouTube,Technology,High,59.81647913307968,20,0.494037554004073,49.498282061388494,34.7337348028154,1.35,6.1737969326639845,246.66426140149954,95.0
CMP_1311,Instagram,BFSI,Medium,57.36914884754942,11,0.3679445856736496,53.295488514876865,15.158777525894228,1.0,2.7723766038360296,240.0128007997695,95.0
CMP_1312,TikTok,BFSI,High,25.996380982451825,13,0.5103972399501701,67.48725260787685,24.572943357361435,1.35,4.12178121452843,250.0,95.0
CMP_1313,X/Twitter,Technology,Medium,46.89013557643835,8,0.3987718719695923,32.08146494457827,31.153463278078576,1.0,5.344932902433107,178.55675439120952,77.54594851784633
CMP_1314,YouTube,Technology,High,16.478272008249206,10,0.38272383519786324,18.626595557990264,30.986437541851362,1.35,5.139765281346812,126.88686022444111,56.09695585243062
CMP_1315,X/Twitter,Healthcare,High,162.48459221010899,8,0.21958994647886754,55.67861522193909,37.50312379047653,1.35,5.8434672045739395,248.90788614264267,95.0
CMP_1316,LinkedIn,Travel,High,42.82401921044469,20,0.9032233369299227,57.55722494258907,46.03077477345751,1.35,8.221410101362663,250.0,95.0
CMP_1317,X/Twitter,Travel,Advanced,36.925084054230936,8,0.7628771883067957,18.09864852650626,27.25164730947843,1.65,5.824326171902379,147.877663434813,75.87227131913262
CMP_1318,YouTube,Healthcare,Low,194.64010983149,9,0.604320073524499,17.681002576082722,13.844233849511594,0.8,3.438043179861221,113.17258244249771,74.33741197436234
CMP_1319,Instagram,BFSI,High,20.210510142106617,7,0.5211968076631838,11.515727974765687,40.59285172155656,1.35,6.856679781148561,143.3517802362739,59.78127582005415
CMP_1320,Instagram,BFSI,Low,22.18752754665901,14,0.5488839404466406,12.944188366286767,7.834393898357066,0.8,2.529683123049582,85.18024087400735,63.47280814977751
CMP_1321,Instagram,E-commerce,Medium,22.71496004193738,2,0.39461821422152565,26.565034335476874,13.539527448727045,1.0,2.838050298519786,158.60430837873247,69.12771364136809
CMP_1322,Instagram,E-commerce,Medium,51.7126739018222,11,0.32322970000308693,18.77262948457067,17.382318320039385,1.0,3.412874335142322,118.79923452345992,67.15308511239313
CMP_1323,TikTok,Travel,Medium,77.11557755761582,8,0.6934828226461817,11.42884086146508,40.865176198200146,1.0,7.748974778791419,154.01307939248375,71.89902234110309
CMP_1324,Instagram,Healthcare,Medium,98.66599660765581,13,0.4975554609815481,36.96758119548666,13.340381867804249,1.0,3.1056652436062615,169.78603871740032,88.59095304433728
CMP_1325,TikTok,Fashion,Advanced,427.34696769923806,15,0.6151471426057782,86.58445723285787,55.98345288578162,1.65,9.381629537801754,250.0,95.0
CMP_1326,Facebook,Fashion,Low,9.02911211662462,3,0.21751220727536263,12.877175386670157,24.5683443092109,0.8,4.435067594915387,106.7807091565558,38.312423637900984
CMP_1327,Instagram,Healthcare,High,88.85345781597786,14,0.4869142396050661,29.366542624337942,16.747970693753523,1.35,3.7178465191443566,141.2463174497883,83.70359781399912
CMP_1328,YouTube,E-commerce,Medium,34.96318119550274,15,0.3193280391125106,6.085003125629148,23.881617571986435,1.0,4.457105906682635,74.51647125745194,45.5033230729753
CMP_1329,LinkedIn,Travel,Low,34.15359600920236,2,0.6468111504689873,42.53685098197167,23.015495590940382,0.8,4.347152984003421,209.27442276158985,95.0
CMP_1330,X/Twitter,Travel,Low,33.25424065271,19,0.7490555705154371,8.983866291903038,23.05957605060599,0.8,4.516963230507364,95.06271308914232,60.66483310906762
CMP_1331,X/Twitter,E-commerce,Advanced,26.389976587815458,12,0.8419398778427638,11.95420024560429,40.03128202849541,1.65,8.142426077468263,152.92933912031765,79.88213026170318
CMP_1332,YouTube,Fashion,Advanced,210.10761832878134,20,0.42420405341082834,44.97751969283483,37.86949396173803,1.65,6.3374041870513205,246.30898710331013,95.0
CMP_1333,Instagram,FMCG,Advanced,107.1080203935561,4,0.32442018159352626,32.28884296708051,12.139264948651528,1.65,2.5454607621210914,159.1013936373245,78.43654304194793
CMP_1334,TikTok,FMCG,Advanced,55.62077501670883,3,0.4662812784055465,29.23536632806973,21.069681300072126,1.65,4.454925714320073,162.66459055223996,81.0023171680199
CMP_1335,TikTok,E-commerce,Medium,160.90475434203447,5,0.4101374155972576,22.149094145469032,37.829801970367654,1.0,6.984635747107841,168.15617181239918,66.47106988048786
CMP_1336,LinkedIn,FMCG,Medium,16.28064253847581,3,0.6362466752292875,45.1095925568724,24.45069120416229,1.0,5.112338463847293,215.14279632990238,95.0
CMP_1337,Instagram,Technology,High,18.829709121419224,15,0.2694435415748196,24.26840843472639,27.254454299351163,1.35,4.470423130479619,168.47529979370833,65.50711445796594
CMP_1338,LinkedIn,Healthcare,Medium,9.5603641203839,19,0.19912098754385205,18.606464041681164,16.49027841173773,1.0,2.7857908229497363,110.97278965488846,50.923279176903364
CMP_1339,Instagram,Healthcare,Medium,31.201568559708956,2,0.4807103405285251,18.38121449783642,26.991496193994795,1.0,5.121354663414584,166.51896828176865,55.63773018347546
CMP_1340,Instagram,E-commerce,Medium,62.138068557185015,12,0.6953012128798848,8.822251548027666,29.094927505776116,1.0,5.807307872655036,103.1481865244938,63.67876177861713
CMP_1341,Facebook,BFSI,High,59.28088217346833,5,0.3445086617818761,70.99648354346593,80.14985830425053,1.35,12.496698460555235,250.0,95.0
CMP_1342,X/Twitter,Fashion,High,61.52684162897974,17,0.7198226591212818,31.90008768566183,34.77489092880393,1.35,5.859916067784739,197.67693208348328,95.0
CMP_1343,TikTok,E-commerce,Low,17.65739251640881,14,0.6230675468053868,46.719700812990425,10.080637743126275,0.8,2.5374623951360666,201.40964176642584,95.0
CMP_1344,YouTube,FMCG,Medium,103.80600223824186,10,0.8593591173478748,15.811809896537692,13.062806800515924,1.0,3.6142412211462855,117.1222709424307,84.99970584145495
CMP_1345,YouTube,Fashion,High,66.13525839743549,3,0.38954906671258216,25.626695296765316,12.070546392873906,1.35,2.5867900263678067,121.81843842468561,72.93568756355225
CMP_1346,Facebook,BFSI,High,98.14474955223885,4,0.22870562664062755,19.051012010572798,39.26523196540953,1.35,6.859205787263966,146.33319364466647,50.23986148970868
CMP_1347,Facebook,FMCG,Medium,12.010607983639654,6,0.6697083520430218,36.47243328937032,34.62741601226885,1.0,6.853663105519448,209.8731428552014,95.0
CMP_1348,Facebook,Travel,High,70.0488381782127,16,0.605974907568952,26.3327749879265,8.00955824356587,1.35,2.2748935464288276,136.72960886534082,87.75364821286183
CMP_1349,TikTok,Technology,Low,21.110864392100034,7,0.5904996014389039,29.833746087276133,27.01036211138362,0.8,5.383678975136707,191.10561295897566,85.59361877497336
CMP_1350,Instagram,FMCG,Medium,39.73138374579686,15,0.3404344591491435,42.301181622874736,15.060774985236323,1.0,2.140623382063827,173.69948773247873,89.92370648241139
CMP_1351,TikTok,Technology,High,83.72117387408672,20,0.7050301214651328,14.153572374818083,41.19287592752644,1.35,7.9568208814968955,156.96138538800955,74.38245656298808
CMP_1352,X/Twitter,Fashion,High,58.725549343218454,11,0.42331483858498575,27.722518596804292,24.64636174358346,1.35,4.394675779583439,157.9914280584571,84.29398297688627
CMP_1353,Facebook,Technology,Medium,27.626294436680645,1,0.5904120957353265,18.286590291746542,7.185242631839765,1.0,2.3147650108618674,104.83827604680974,77.85429356092229
CMP_1354,YouTube,Fashion,High,54.87284090615356,5,0.4580863776498117,39.27609152407308,45.67150953311363,1.35,7.7758442574891165,243.00467779975924,93.55597030567401
CMP_1355,X/Twitter,Fashion,High,16.034966561607444,13,0.6208763180568672,13.604809618413995,40.66961798549104,1.35,7.65006473931592,148.9315773976987,63.63272344447612
CMP_1356,TikTok,Fashion,High,137.03192347079474,14,0.3109739097370021,48.71498748092421,47.94663009092845,1.35,7.709339452433175,250.0,95.0
CMP_1357,TikTok,Fashion,High,46.32921633349378,9,0.6499356614491987,52.632123382953594,7.851133103581254,1.35,2.724407410401942,215.20934359381647,95.0
CMP_1358,Facebook,Fashion,High,133.59862316580382,17,0.6815178519047886,36.701408522052525,35.45516560668491,1.35,6.790711064035622,205.27044127774477,95.0
CMP_1359,Facebook,FMCG,Medium,35.8296101361169,15,0.5731956316565394,33.80922476462254,20.135096250996234,1.0,4.203429261646423,162.67507763418163,95.0
CMP_1360,X/Twitter,Fashion,Low,35.9144316046561,7,0.8787793450403388,30.90160760085862,17.86779478336937,0.8,4.405301763931806,179.6042170563511,95.0
CMP_1361,TikTok,FMCG,Medium,29.62594716296082,12,0.5914320641624761,23.758035955145644,26.481809947060622,1.0,5.002322047465218,151.06216988897427,81.23815333473378
CMP_1362,Instagram,Fashion,Medium,110.05047732992311,6,0.7337507520073338,27.210011870180946,10.688670427197147,1.0,3.0210561494148416,146.78925334437358,87.24158475855343
CMP_1363,LinkedIn,Technology,High,30.9525403257019,16,0.5684833595598096,42.599226113830156,36.711567295368475,1.35,6.529020954043772,233.04870775036377,95.0
CMP_1364,LinkedIn,Travel,Medium,91.43938977222054,5,0.7158797728009445,62.05435414949416,18.481033456631344,1.0,4.329558690392824,244.36418683124987,95.0
CMP_1365,YouTube,Fashion,Medium,40.206878255202255,9,0.24333913686771513,21.03919414884172,20.499835398048276,1.0,3.221315414700936,115.24838707100909,57.310052815844145
CMP_1366,Instagram,BFSI,Low,11.237196145355338,14,0.5565889594750173,16.69529565212769,9.349238377229058,0.8,2.537188455173697,101.17009177887367,66.34580532781145
CMP_1367,YouTube,Fashion,Medium,34.5963693947618,8,0.3246129274403277,33.49622215606694,4.1689452393663995,1.0,1.7294331128899185,138.83601819835022,81.30978880851492
CMP_1368,TikTok,Fashion,Medium,21.257577679976773,14,0.578085439122357,31.30410525015606,9.530584503388763,1.0,2.4537856811459395,145.80569235671823,85.17798587129856
CMP_1369,Instagram,Technology,High,56.09923516121977,12,0.6268385420020146,99.21060229793028,32.21899016556525,1.35,6.218021119323583,250.0,95.0
CMP_1370,Instagram,Healthcare,Low,21.066283235244303,10,0.7114995226091709,17.7106867712005,2.653302355337324,0.8,1.1240093504125832,94.47625633230774,76.05763440938895
CMP_1371,TikTok,Technology,High,114.52350440475826,20,0.6479819852811163,19.286611200113747,35.511118153868125,1.35,6.14841093752138,151.20424193958888,77.3708110359763
CMP_1372,Instagram,BFSI,Advanced,50.76155677578399,20,0.4826294070445719,59.14890806880781,54.77705091876491,1.65,9.141915038217304,250.0,95.0
CMP_1373,TikTok,Healthcare,Low,47.366877816277565,13,0.39928090232783797,7.149274084857359,14.906905206710489,0.8,3.012010167372311,63.21798566327469,56.00492900953263
CMP_1374,X/Twitter,E-commerce,Medium,92.26950623129721,19,0.0814953000516675,48.44959097698825,5.827961324070419,1.0,1.0495879363719423,171.9325705017207,82.79776311741541
CMP_1375,Instagram,E-commerce,Low,118.05204036186073,15,0.5637705155701104,19.142883600203803,14.358505795956862,0.8,3.9385551933663794,119.1751837138923,72.51623023858889
CMP_1376,TikTok,BFSI,High,53.72728637274189,8,0.7775723428618069,47.54310952344878,54.87677857784011,1.35,9.611786265746105,250.0,95.0
CMP_1377,Facebook,Technology,High,29.46018705174024,10,0.5716786933296389,14.782862698249005,35.482355816290024,1.35,6.491034642597358,138.53046049924754,69.52991340312887
CMP_1378,X/Twitter,FMCG,Medium,13.208021139321449,3,0.5330496617543578,28.632308821965502,9.971232065295784,1.0,2.346869817378021,140.0590647091038,84.73426390173888
CMP_1379,Facebook,BFSI,Medium,31.536960095384085,3,0.5786114577098822,5.440213565151597,5.481846006689788,1.0,2.2005675427301847,80.44818532844597,56.95569884497027
CMP_1380,X/Twitter,Travel,Advanced,33.32241196825575,5,0.4724581200113807,69.52628730498705,28.401179491695956,1.65,4.859985090863856,250.0,95.0
CMP_1381,Instagram,Healthcare,Low,59.480347411910564,16,0.588993577168111,43.28429009900978,6.516151452686465,0.8,1.9457083151769452,171.19881133785023,95.0
CMP_1382,Facebook,Healthcare,Low,41.424914323948826,17,0.46900726773748175,20.866656564461277,36.07349742343957,0.8,6.07859855371395,146.88265467310217,61.69471716445297
CMP_1383,TikTok,Fashion,Advanced,94.66519254282582,6,0.37022372019568384,84.57929832635521,38.91551323879815,1.65,6.824884833467221,250.0,95.0
CMP_1384,Facebook,E-commerce,High,33.43533861392508,20,0.534940281071617,56.339611361651734,7.652490599385042,1.35,2.2555502770130116,210.80705174882132,95.0
CMP_1385,LinkedIn,Healthcare,Advanced,52.16266799481674,20,0.5305794118770665,86.13156875095414,51.59533897337188,1.65,8.885508288441262,250.0,95.0
CMP_1386,Facebook,BFSI,High,140.77881271963471,16,0.9250340174252576,70.92484095668652,12.177427256231658,1.35,3.618506409312592,250.0,95.0
CMP_1387,YouTube,Healthcare,High,71.76954137121277,2,0.3888620013995777,58.33379621986536,17.49193108058384,1.35,3.764293221739084,238.54674181835645,95.0
CMP_1388,Instagram,BFSI,Medium,52.03777861618451,20,0.5181116591963995,71.63000676069714,25.288510865626954,1.0,4.7830214262288795,250.0,95.0
CMP_1389,TikTok,FMCG,High,33.731915829976586,15,0.49866693472769585,31.235095076895398,34.22731409637536,1.35,6.721026196230842,197.43609761027642,83.82268908841755
CMP_1390,X/Twitter,Fashion,Advanced,32.89809925269367,18,0.46046343348391183,63.483121841853425,54.38073449945113,1.65,9.458870572043477,250.0,95.0
CMP_1391,Instagram,E-commerce,High,27.646783653461164,1,0.6526210478213303,27.10824850793073,30.93276559088655,1.35,5.502405265501757,157.2253044151075,86.14393287576623
CMP_1392,Instagram,Healthcare,Low,35.41709125261478,19,0.9975926035648437,20.878993149535322,10.589034932419123,0.8,3.7751009693466835,131.48903753972957,95.0
CMP_1393,Instagram,BFSI,Medium,99.93626881768667,12,0.48583456066587816,43.43170009265921,26.77671136599226,1.0,5.368521255784766,204.48221395988014,95.0
CMP_1394,X/Twitter,Technology,Low,45.71787608282406,8,0.6531788983239077,10.581143934493868,20.17056748920265,0.8,4.209622276501287,81.84149142780865,65.68503557519965
CMP_1395,Facebook,E-commerce,Medium,18.544653833979783,6,0.16752560181055776,30.683707001631536,30.849753590955938,1.0,5.085951161406009,189.10627263199262,79.60809931407458
CMP_1396,YouTube,FMCG,Medium,224.64815763755163,12,0.4712940940031937,24.28122016655491,25.27869909238483,1.0,4.291021737088451,147.75753994440404,71.33965889757722
CMP_1397,Facebook,BFSI,High,70.52534529322494,7,0.8610482279224401,47.14119234184642,44.8786793749305,1.35,8.155093807658577,250.0,95.0
CMP_1398,Instagram,Travel,High,17.71559419359894,18,0.5390039213104039,68.83414659027859,48.3661709904734,1.35,8.257443059939195,250.0,95.0
CMP_1399,LinkedIn,Travel,Medium,38.341039817514734,14,0.6504680030018584,31.59407532008891,36.27077344389034,1.0,6.335213247995586,176.9794653449424,91.44348309912424
CMP_1400,YouTube,Fashion,High,59.66282360614415,8,0.42544977277416224,63.441729684854316,33.686942773210895,1.35,5.920499158448256,250.0,95.0
CMP_1401,Instagram,Fashion,Low,213.5078659053258,20,0.6015114383712931,11.480362170604801,27.73144711102054,0.8,5.5578544010617215,110.11846929449989,64.48877847706656
CMP_1402,Instagram,FMCG,Low,22.499881294420064,14,0.8765552493572164,55.6478175940677,15.539603596518768,0.8,3.80927701591711,242.84745618763657,95.0
CMP_1403,Instagram,FMCG,Low,119.20355469873991,5,0.3179834075461796,29.67142540905538,26.721081932778176,0.8,4.241973151735542,162.3032090923999,79.695132136449
CMP_1404,YouTube,Fashion,Medium,167.26663259673535,9,0.9873085010351579,44.286908614442595,19.04087681594113,1.0,4.3570883078329725,207.0968281441673,95.0
CMP_1405,LinkedIn,Healthcare,Medium,33.01878216060356,8,0.2408111636211916,14.323190916574152,21.280636456660424,1.0,4.03744126622229,113.47920318018981,53.22294633957246
CMP_1406,X/Twitter,Healthcare,Medium,43.728020802555896,2,0.45289963130289834,15.848390240242619,17.03286651271363,1.0,2.9381103911702278,123.14008953098222,65.81337514311326
CMP_1407,YouTube,BFSI,Medium,23.830174221536506,16,0.38281656304408296,17.896107597599062,30.9891992253638,1.0,5.502751544765537,146.27030625880627,54.61180531174799
CMP_1408,YouTube,Technology,High,46.39682764317613,13,0.49550780364655134,44.768011895107534,23.76390784507163,1.35,4.9473670246997985,211.64666419145348,95.0
CMP_1409,X/Twitter,BFSI,Low,53.02311871034626,7,0.3802194249351851,13.935584481743192,7.587954755990247,0.8,1.605240720583446,82.43668951444754,57.1390363532084
CMP_1410,TikTok,Technology,High,92.54731233578917,16,0.36505606730141027,34.61738908572328,51.479358151689,1.35,8.198827246086218,213.53907319816685,81.05471376409415
CMP_1411,Instagram,FMCG,High,130.60098733634004,7,0.3126506788976759,15.396809914363162,16.40842727649518,1.35,3.1392683043736302,98.61973225811025,60.554778756230085
CMP_1412,Instagram,E-commerce,High,30.00977459124724,14,0.6788107257112441,41.370749697826476,30.03365803495197,1.35,5.934871390735876,227.84497182796005,95.0
CMP_1413,Facebook,BFSI,Advanced,11.315120726417906,14,0.502408400811884,64.69916319697987,39.99153446924306,1.65,6.854021829869024,250.0,95.0
CMP_1414,Instagram,BFSI,Low,53.67805058798605,12,0.4500979160600985,13.329838852959842,18.212925467381844,0.8,3.5430203642491453,110.13308900761568,56.12354219878151
CMP_1415,X/Twitter,Technology,Low,69.04994090148445,1,0.6064513821164322,15.399863624970065,9.202434382999853,0.8,2.6205238082783207,88.75061148715312,72.08555909432974
CMP_1416,TikTok,FMCG,Advanced,66.65527245836127,1,0.2510728977818881,42.00346542144864,17.68862854538309,1.65,3.034220096601796,190.88581683327394,84.17158018351721
CMP_1417,Instagram,FMCG,Medium,42.041675578958674,12,0.6112745087932693,10.736378568386911,41.66908692764012,1.0,7.3617873752075536,138.57283988378836,68.23941792491067
CMP_1418,Instagram,Travel,High,60.32832208184435,20,0.5312461197957509,50.066476770158395,24.168969194515785,1.35,5.270556797618742,235.7192988625569,95.0
CMP_1419,X/Twitter,Technology,High,183.52590820965324,15,0.5373924339941545,70.30099744610504,22.551463999518262,1.35,4.761533431976957,250.0,95.0
CMP_1420,TikTok,FMCG,High,74.0979106219737,4,0.6538333501813891,54.861633458724334,14.649562465982894,1.35,3.832693255101857,232.39850974379837,95.0
CMP_1421,Facebook,Fashion,Advanced,40.50013307856272,7,0.8787048017586985,24.46817128955725,42.11667362162228,1.65,7.972595172426737,187.9830742225389,94.33070526531893
CMP_1422,X/Twitter,Healthcare,Advanced,36.592443096776066,16,0.6145949483909718,41.78678734378301,40.4787618574312,1.65,6.785375389201492,239.6272742854888,95.0
CMP_1423,Instagram,Travel,High,47.661222122311756,3,0.5100250984390435,32.08332576268315,12.351390146312736,1.35,3.615585240416659,144.5858701625544,95.0
CMP_1424,Instagram,Fashion,Medium,202.22723066739897,7,0.3134711224848131,72.96914969622605,21.978861601623468,1.0,3.738736547946864,250.0,95.0
CMP_1425,TikTok,E-commerce,Advanced,47.15119872381268,6,0.07183641487324471,26.65229127030777,106.84298195461193,1.65,15.0,250.0,58.74446746366919
CMP_1426,TikTok,BFSI,Low,53.74037194636496,16,0.5755768334325725,56.64622609939163,32.13085216577478,0.8,6.205895615439169,250.0,95.0
CMP_1427,Instagram,Travel,Medium,37.11974889640871,8,0.29807333196382657,23.975730693990887,29.860106444278205,1.0,4.901022971274958,172.1217743984405,60.30546379720051
CMP_1428,TikTok,E-commerce,Advanced,131.52365034165948,6,0.04194730914957079,60.45977424855028,45.279497319856375,1.65,7.146261659626551,250.0,95.0
CMP_1429,LinkedIn,BFSI,Medium,261.8756581239536,10,0.47982591538014857,24.989226680557294,3.529643281635162,1.0,1.4918016896263029,94.69671871877414,73.13844283236199
CMP_1430,TikTok,Healthcare,Medium,78.29552422966255,16,0.5978963471523756,21.8226817170344,57.88919275427763,1.0,9.800113730718605,212.62810786542553,83.61745282541924
CMP_1431,X/Twitter,FMCG,Low,58.3359372615376,11,0.6988607633071883,18.51980210435916,23.516506326385596,0.8,4.750929297375868,127.63731028421132,81.07164784033411
CMP_1432,X/Twitter,Fashion,Advanced,56.22864173775465,13,0.7622501427209045,8.51345229663336,79.10049918528378,1.65,13.090597347757834,215.3735702789177,61.12120142990478
CMP_1433,X/Twitter,Technology,Medium,8.105595040559226,6,0.7251424327190098,19.58690539681149,42.731054496282034,1.0,7.301097829643649,143.86035769753317,83.16886335745899
CMP_1434,LinkedIn,Fashion,High,99.09913288790199,1,0.7305150059208134,26.25139054801994,34.48092873703666,1.35,7.477301287680314,207.01887576590576,86.99238565791133
CMP_1435,Instagram,Healthcare,Medium,60.78439730688226,19,0.2563859974822694,22.127288166114496,3.9109310590779405,1.0,1.5366136759760254,114.25556862851923,51.62090348513832
CMP_1436,Instagram,E-commerce,High,76.91290213513264,12,0.5200808725186484,8.151045509263554,31.24751847003876,1.35,5.758171519074935,111.47107723720073,42.35373372058124
CMP_1437,Facebook,Technology,High,30.902288564371926,6,0.6659671133189226,7.457244787516972,28.93166487537983,1.35,6.139689199668259,98.72166912394094,54.401420988840485
CMP_1438,YouTube,FMCG,Medium,40.14245477454659,18,0.5592749230290601,32.81819413613717,26.157264950443984,1.0,5.470901144301083,170.79017020396765,86.83727468431093
CMP_1439,Instagram,Healthcare,Medium,39.2982524433998,13,0.5189701446834999,27.26723409640867,22.28223686606643,1.0,4.559237968344353,149.59941946680553,88.39652601098044
CMP_1440,LinkedIn,Technology,Medium,123.63063709665269,7,0.5556180039824619,40.90292069319872,15.20196693455383,1.0,3.28803177425778,189.30127076512971,95.0
CMP_1441,TikTok,Healthcare,Advanced,40.32582694140854,13,0.5991067996418301,46.05818314387042,67.80498578567347,1.65,11.69120432419438,250.0,95.0
CMP_1442,Instagram,Healthcare,High,288.9137664752859,8,0.5346212589128679,30.141253566034592,26.683858800058,1.35,5.344405002384535,154.0549191613897,86.3146276799835
CMP_1443,LinkedIn,FMCG,Advanced,77.06813765848487,17,0.3807441285181867,105.93865998493035,32.11163412486437,1.65,5.815583528042739,250.0,95.0
CMP_1444,Facebook,Travel,Medium,19.67706751236929,9,0.20943517857247523,40.420467993822484,45.91594411593371,1.0,7.2050963518123305,237.68551342759588,83.15258785364679
CMP_1445,TikTok,BFSI,High,49.262491274494366,20,0.5091945677057516,40.71716655966285,9.0782240494528,1.35,2.4938051710733617,194.04781908998586,95.0
CMP_1446,Instagram,Technology,High,32.4162520097254,13,0.5614965508610549,26.2477528816231,13.503267615476782,1.35,3.2305055403162477,127.25247742995107,85.17688557613832
CMP_1447,LinkedIn,FMCG,High,9.435640142341999,2,0.5593159162951884,27.743378976319516,17.360469343990488,1.35,3.60848688974112,137.33085942296407,78.05429858409248
CMP_1448,YouTube,Healthcare,Advanced,196.28677979892132,4,0.7405842127164424,83.7647704598119,35.73952373885359,1.65,6.953088952705274,250.0,95.0
CMP_1449,TikTok,FMCG,Medium,95.8240822413567,2,0.7761212602045853,27.160294516450772,48.20299891704217,1.0,9.158526978457092,195.90857404262573,95.0
CMP_1450,LinkedIn,Travel,Low,83.64367854793443,4,0.5291954392461515,17.15354389827196,18.420611005065556,0.8,4.27915086487474,112.14753439095844,74.29789468920802
CMP_1451,X/Twitter,BFSI,High,62.32252567370575,18,0.5306270327006383,61.94222057864152,19.115920190960683,1.35,4.078475246350239,245.8349237246897,95.0
CMP_1452,LinkedIn,Fashion,High,18.072400586229303,5,0.6646257199141301,42.35288685026398,24.533935405249437,1.35,4.9595315454256355,201.23551187561668,95.0
CMP_1453,TikTok,Technology,High,37.08105856226816,19,0.6353096759035951,51.595934349452634,16.743089647132006,1.35,4.0384967194656705,229.16758322685266,95.0
CMP_1454,X/Twitter,BFSI,Medium,107.06376802823033,10,0.46148835963973317,21.048459331072415,7.632525041528568,1.0,1.8062307635348271,109.93509776545238,69.06855982787387
CMP_1455,Instagram,E-commerce,Medium,23.54760168913671,18,0.6818027672277551,34.89715439864955,17.994435811235004,1.0,3.9496409355686164,166.94938552278643,95.0
CMP_1456,TikTok,Technology,Medium,7.203626263910203,10,0.5207251182101037,59.22831483405908,7.907341899101718,1.0,2.6101013110619706,229.15841455631806,95.0
CMP_1457,LinkedIn,BFSI,Medium,45.52743875587552,5,0.5249778522599545,29.12593037413302,28.399035898024323,1.0,5.871341258982696,164.25623761401908,82.45322996431167
CMP_1458,LinkedIn,Healthcare,High,48.74457731915492,17,0.6367227590177281,29.245453325940968,12.116680217404134,1.35,3.4329201117146884,143.2764110287548,93.35692550757247
CMP_1459,Instagram,Technology,High,60.8523679446098,13,0.4897666760513487,44.39726239762997,7.829347631685392,1.35,2.129457569743979,165.8251246983497,95.0
CMP_1460,LinkedIn,Technology,Medium,97.7892756220302,17,0.5689345014980007,38.73299836459196,21.289648326380163,1.0,3.6744153119298377,172.89376415853988,95.0
CMP_1461,Facebook,FMCG,Medium,90.92951534867854,9,0.6095088612883098,22.94059568317007,17.386390942027315,1.0,4.0621690202097165,156.12465267027812,83.39711217881832
CMP_1462,LinkedIn,Healthcare,Medium,67.15583701399508,12,0.7134357118932422,15.14735124743076,13.178697590026225,1.0,3.5607792833357697,109.62461937021794,79.41390344333325
CMP_1463,Instagram,E-commerce,Low,142.08494890670784,14,0.6996281160550551,23.033412236445027,16.056077214770394,0.8,3.9734065356694095,130.83870200525388,88.14049616541492
CMP_1464,LinkedIn,Fashion,High,16.19696979983225,14,0.603408895353666,10.02932667643992,17.2063483470774,1.35,3.35755430081709,95.15714014801442,60.14779780094425
CMP_1465,TikTok,Travel,Advanced,81.74997071752718,8,0.02824625311196216,72.68166934034065,61.306310225578166,1.65,9.153257070022423,250.0,95.0
CMP_1466,Instagram,BFSI,Medium,90.12798274203948,5,0.5986701639442406,31.098003598270953,17.463789965705725,1.0,4.376499008951869,182.65089595484238,88.90431759487576
CMP_1467,TikTok,FMCG,High,20.25395678258174,19,0.6295771857891822,15.785670201920082,22.273091289262403,1.35,4.29295572249176,122.398805874875,77.33654150475908
CMP_1468,Facebook,BFSI,Advanced,16.406925184600752,14,0.6701857694260757,20.240256417786235,6.020204354144342,1.65,2.4169149283004634,98.11691988198716,86.87215163635452
CMP_1469,TikTok,E-commerce,High,30.061530528673106,9,0.3587950074535904,32.25735563579563,4.856046377668872,1.35,1.2491323895789206,144.95182284226036,79.67722729055428
CMP_1470,YouTube,E-commerce,Low,32.161395828222766,7,0.1255847895160216,12.610248325208088,8.459078648647644,0.8,1.672275442685252,84.09095121507663,33.14016542149822
CMP_1471,X/Twitter,Technology,Advanced,99.7568346085732,8,0.7112340021567334,45.111996077733664,59.729528523165754,1.65,10.322208306120844,250.0,95.0
CMP_1472,YouTube,Travel,Medium,33.39375722384296,14,0.30509468130740863,39.5728072015775,21.180306546160622,1.0,4.14918447617352,196.7733232457748,84.15638745335767
CMP_1473,TikTok,E-commerce,Medium,27.520224902887264,14,0.7944339088635631,28.336249953225575,38.879504041927696,1.0,7.433170836004415,201.49586220333785,95.0
CMP_1474,Facebook,BFSI,Low,33.4714558234054,11,0.434269622838234,33.012089486601994,7.178896986278362,0.8,2.2437843581665184,151.0809850938191,75.52773107297979
CMP_1475,Facebook,Healthcare,Medium,133.60742919765497,14,0.34456540832961946,37.20096628919373,12.686552459083076,1.0,3.225491020789177,168.69364001226472,93.35175064317755
CMP_1476,LinkedIn,Healthcare,Low,55.170848091742656,8,0.6199243945071973,30.314907099601093,8.445583798030146,0.8,2.8025133629025243,153.63922979453432,85.48938877406748
CMP_1477,YouTube,Technology,Medium,47.304204410294474,3,0.6732352170008774,9.029975959780003,22.65509465007387,1.0,4.917705890273359,104.38043860185235,66.37735683968451
CMP_1478,YouTube,Fashion,Medium,49.99862979932549,18,0.6613156044151156,39.81593807823648,37.91517441798763,1.0,7.357100049371407,241.01477389250226,95.0
CMP_1479,YouTube,BFSI,High,153.49197222654016,3,0.6503220811871822,32.443226429550094,39.48002194566249,1.35,7.391439781742723,211.00668966221698,95.0
CMP_1480,Facebook,BFSI,Advanced,29.983961400464114,13,0.40844193854934013,23.8013147514241,42.466822224416305,1.65,7.004509349298675,177.33162243624017,67.49758334645037
CMP_1481,YouTube,E-commerce,Medium,156.39840545396095,12,0.24461804074256105,36.89172181465989,20.599204788166862,1.0,3.3253519034530195,176.90457565391938,82.21787292229433
CMP_1482,Instagram,Travel,Advanced,64.61179886869371,15,0.47206712094017655,39.852935335462,19.482888554828087,1.65,4.073610595064767,190.02274152221008,95.0
CMP_1483,X/Twitter,BFSI,Advanced,48.02225236497168,18,0.3208584423969023,108.88143600510013,39.81650891290176,1.65,6.426602143106306,250.0,95.0
CMP_1484,Instagram,FMCG,High,403.71952763849663,5,0.6365097369798873,10.294993818650946,22.848388951212637,1.35,4.4835777100581335,114.17674111591138,55.35519749350402
CMP_1485,Facebook,Fashion,Low,23.464494543878473,7,0.724849562163416,36.13984360950592,21.455546992522994,0.8,4.6108493539576205,184.47886222839395,95.0
CMP_1486,Facebook,E-commerce,High,41.14290080638597,11,0.5845393300237606,7.685413817288342,17.84215082219002,1.35,3.327567948806143,50.400142853479935,55.659229244530046
CMP_1487,Facebook,FMCG,Advanced,20.369832527309285,11,0.5498110371121169,87.53267280818596,27.65963786761618,1.65,5.052402078750414,250.0,95.0
CMP_1488,LinkedIn,Technology,High,116.97609251377862,15,0.4879134842976537,66.26217884855754,39.954868282971084,1.35,6.748382456684139,250.0,95.0
CMP_1489,Facebook,Healthcare,Medium,210.89305294960258,10,0.7460698539077592,12.385907595891892,17.05155070618548,1.0,4.788461268545453,138.89121961162445,74.7731668902561
CMP_1490,Facebook,Technology,Medium,207.66749629756424,15,0.18390625227113322,44.84330756322948,19.605303272014098,1.0,3.5339415000919048,183.94403004854584,85.88120930480886
CMP_1491,Instagram,Healthcare,High,145.35208949567615,13,0.30876979200063515,17.897515556469532,58.40701481967044,1.35,9.252185051315049,182.53424186347476,69.17316738092563
CMP_1492,Facebook,Technology,Medium,46.61412588439492,14,0.9153466605467172,33.32575486976223,30.3800170573263,1.0,6.157634041821508,178.4056362379702,95.0
CMP_1493,Instagram,BFSI,Low,40.76432118252018,17,0.2990081258392666,13.180686281508963,2.6281546573853456,0.8,0.2608567053467252,55.393196035964976,52.221267772788764
CMP_1494,Instagram,FMCG,Medium,14.340162714512285,13,0.6562073664940157,68.93348931164472,14.514097530170744,1.0,3.0501314339637324,250.0,95.0
CMP_1495,LinkedIn,Healthcare,High,278.29976612056004,10,0.6973580216633841,46.404503074967394,15.571989900519167,1.35,3.232479988578731,181.35723483856395,95.0
CMP_1496,LinkedIn,E-commerce,Advanced,79.45433566793572,1,0.16474978576366728,109.30773353225946,45.59103422790342,1.65,6.875147996100193,250.0,95.0
CMP_1497,LinkedIn,FMCG,Low,36.83448416515345,1,0.20314042477266714,14.660088508475567,4.0601779178665875,0.8,1.0122022440223712,81.92636737312512,44.554898054737166
CMP_1498,X/Twitter,E-commerce,Advanced,157.9763773157896,15,0.80294286811938,27.758311356055597,17.78058967034494,1.65,4.2166214384619805,155.8113588388424,92.19438286230306
CMP_1499,Facebook,FMCG,Medium,25.07292018381452,16,0.3554112669490519,55.000564553587424,9.550201189987089,1.0,1.8754643325829061,204.21460090747996,95.0
CMP_1500,TikTok,FMCG,High,75.58800657240315,12,0.3608736760470359,21.527304298550227,22.462971994979302,1.35,4.07592220158036,107.832786137558,60.842659670369244
CMP_1501,X/Twitter,Technology,High,47.55546397894496,6,0.4458247703301766,76.92290638600714,29.830488732225895,1.35,4.936278707381712,250.0,95.0
CMP_1502,X/Twitter,Healthcare,High,91.00748099773755,6,0.3559035913641365,19.020051353412217,24.545042504781552,1.35,4.526817055761471,129.0309510341784,56.78582105343682
CMP_1503,Instagram,Healthcare,Advanced,51.89078226173217,12,0.6552535357355659,81.97034873353348,35.55769587080541,1.65,6.873352243955485,250.0,95.0
CMP_1504,Facebook,Travel,Medium,17.103064998252957,15,0.31359248818863206,69.94317791405217,29.31176428462628,1.0,5.171815092784924,250.0,95.0
CMP_1505,Facebook,FMCG,Advanced,58.00104908968515,4,0.15684789437850555,70.74551916691782,13.834943427164873,1.65,2.717111733282387,250.0,95.0
CMP_1506,Facebook,BFSI,Low,126.35448293533607,4,0.7812713034381569,7.390936214534019,10.136082790075124,0.8,2.6277487438299887,71.0432444857201,71.82758819153302
CMP_1507,X/Twitter,BFSI,High,53.33681871393978,2,0.3234178467614059,42.27097284129239,45.84082324308708,1.35,7.534894333358085,230.73858963141572,92.66835917986745
CMP_1508,X/Twitter,E-commerce,High,101.50337988339953,12,0.3995962466666141,11.304955218908152,14.816666226025525,1.35,2.7358576577589124,87.10025749774539,60.85919197609701
CMP_1509,LinkedIn,E-commerce,High,23.65504500078602,7,0.7159715869244909,20.37077115802917,43.755675605980834,1.35,7.64974751655423,176.7373527371831,81.18154808406341
CMP_1510,YouTube,Technology,Medium,53.463082307690904,20,0.5640487776843226,43.90133409692141,5.746246954469415,1.0,1.5656519740594368,175.25268039941312,95.0
CMP_1511,YouTube,FMCG,Advanced,33.12842369942306,9,0.7724682517220668,51.92696457899032,58.541487000198245,1.65,11.069692508431883,250.0,95.0
CMP_1512,YouTube,E-commerce,Low,99.24431834989107,9,0.7190284209973468,36.590974029988594,21.455101319222166,0.8,4.92971667235922,201.23579589594664,95.0
CMP_1513,TikTok,E-commerce,Low,55.991128011030696,8,0.4593138708683087,41.122338322657086,16.82678172186444,0.8,3.9294003975973113,181.7414086668896,95.0
CMP_1514,Instagram,Fashion,High,94.8274515892905,14,0.7543839764972035,29.70376278252193,22.202041417293966,1.35,4.944902606908103,166.7224799692752,95.0
CMP_1515,Instagram,FMCG,Medium,130.34285708698872,1,0.5835546295586113,40.521540826664534,2.344450960719122,1.0,1.2704134404290512,155.03530828191157,95.0
CMP_1516,Instagram,Technology,High,94.94472309518464,12,0.4303224182619311,48.081371671101685,8.185928758080113,1.35,2.2900939838500416,176.32039116260722,95.0
CMP_1517,LinkedIn,E-commerce,Medium,67.93115374865745,2,0.6080803245937029,32.425005614491106,22.908199869200892,1.0,5.355200580444475,185.16777754566357,95.0
CMP_1518,TikTok,Technology,Low,24.56764155678109,13,0.2881074960315013,42.91836900042126,13.087973772545048,0.8,2.69681194086291,182.05095023393054,82.32705885052678
CMP_1519,Instagram,Healthcare,High,54.47659236215772,4,0.7167695404950782,26.374179213406503,11.014576846457798,1.35,3.051958558274464,133.838598433561,95.0
CMP_1520,TikTok,Technology,Medium,35.64210552315969,20,0.6908237576695613,26.805539987631946,22.385921726506524,1.0,4.8210135671392775,163.3287014216561,90.76232656336069
CMP_1521,Instagram,BFSI,Low,41.46081791556547,18,0.5740716882967672,29.174760175615457,30.615472373459443,0.8,6.075089284895476,178.4759437056002,82.93106234248825
CMP_1522,TikTok,BFSI,High,40.462381046390504,19,0.16634539501920376,20.065102508408923,37.083243528730016,1.35,5.890361298331541,164.9796806941551,50.454817880013096
CMP_1523,Facebook,Technology,Medium,24.929691932887188,16,0.7808809574236898,13.507670092931473,9.24441717044733,1.0,2.913400796831435,100.18961223213611,75.3748833281091
CMP_1524,Instagram,BFSI,High,11.405881332119518,14,0.6374185368514917,84.84205204805268,30.801624000036455,1.35,5.691795766099507,250.0,95.0
CMP_1525,X/Twitter,Healthcare,Medium,31.991990075867815,8,0.5454083306244231,15.97060553586963,32.5839497066062,1.0,6.0848251864729574,134.1902999217988,65.5741657302231
CMP_1526,Facebook,FMCG,High,63.73306881442695,12,0.513866704164192,26.107464538094426,38.261290486744784,1.35,6.386194948434165,156.07558280843807,87.04831824410111
CMP_1527,Facebook,BFSI,High,18.56834712617197,9,0.4426561545388794,24.559426411718324,16.458131332717016,1.35,3.2386169402772134,140.5698451680102,74.10738344391855
CMP_1528,Facebook,BFSI,High,55.287441726057786,6,0.4811058474959757,39.62168813066692,30.294166258031453,1.35,5.467792830852834,185.59420288095473,95.0
CMP_1529,YouTube,Technology,Low,249.68864943610012,18,0.7038433385790279,39.21207711185277,27.196611566571516,0.8,5.169182129607002,196.98730688481135,95.0
CMP_1530,X/Twitter,Healthcare,High,123.77250508681422,2,0.4466547914221959,40.23563713568269,29.14973226799962,1.35,5.259003761096516,212.62163003843526,95.0
CMP_1531,Facebook,Travel,High,203.33059624051486,8,0.4951395714407175,68.13356317499688,17.766071109196222,1.35,3.941228263290556,250.0,95.0
CMP_1532,LinkedIn,Travel,High,74.65685150932988,14,0.5244813447386325,45.49511841642027,31.996917525539427,1.35,6.283656083014291,227.27771439405322,95.0
CMP_1533,YouTube,Travel,Medium,138.9352307057651,6,0.5299605477559878,16.451478366307185,18.050793541042765,1.0,3.6965360125817717,99.77128316922844,66.89545491617869
CMP_1534,Facebook,Travel,Advanced,30.59474357554577,10,0.4264376167547291,37.07380757797917,22.16699127778839,1.65,4.041418288189693,170.49895999570288,80.45919047903244
CMP_1535,Facebook,FMCG,High,32.60702599213434,8,0.5159601112243206,34.026163307612464,22.029290977536846,1.35,4.258047488856229,165.2227032666029,94.64289578277855
CMP_1536,Instagram,Technology,Low,6.1024347756388435,17,0.618662789180231,34.838442887509686,32.65395565186456,0.8,6.323135192750735,195.76948138572502,95.0
CMP_1537,Instagram,Technology,Medium,141.02206665519742,12,0.36903908003976066,7.450727346596062,22.204719650879994,1.0,3.8816327029947773,90.22447574400712,46.02551877443513
CMP_1538,LinkedIn,Fashion,Advanced,187.2152798524454,17,0.5168858765436076,68.17527794363356,54.03170858534846,1.65,8.950938196865781,250.0,95.0
CMP_1539,Instagram,Healthcare,Low,35.073932955239144,13,0.9361968414242201,49.103161916753336,9.450840019067527,0.8,3.371329577259387,222.22234679243718,95.0
CMP_1540,X/Twitter,Travel,Advanced,44.5600908696601,19,0.5373711319590514,40.28905288928982,7.61176436135262,1.65,2.372147072310595,164.46896343792127,95.0
CMP_1541,YouTube,FMCG,High,29.871663112887855,12,0.3639153910276042,69.61275979489885,54.12801908879728,1.35,8.907296223865316,250.0,95.0
CMP_1542,Instagram,Healthcare,High,74.15243012796618,16,0.3405176365414303,30.464324900291466,18.007873396142596,1.35,3.4193980452634785,146.07001191732564,76.91316776599862
CMP_1543,X/Twitter,Travel,Medium,134.28253309937057,5,0.2969609855934617,9.448997310039552,3.571867235229632,1.0,0.9843691789893175,76.91835669554001,48.73998288915298
CMP_1544,Facebook,FMCG,Medium,13.54181655903153,16,0.8754233123344514,25.584437533077924,23.627038638494362,1.0,5.301005640327412,161.60057302754353,95.0
CMP_1545,TikTok,Healthcare,Advanced,75.75851327276985,6,0.7516044779432691,96.60205651594288,71.34339384713485,1.65,11.489725783357628,250.0,95.0
CMP_1546,X/Twitter,Technology,Medium,43.75748056912895,11,0.2920749865151572,41.77575419084366,21.163196948969965,1.0,4.223563355965212,188.09337778430952,94.16144358125575
CMP_1547,YouTube,Technology,High,59.7826517033857,17,0.5927412588676481,24.35367717543505,44.18845402906341,1.35,7.862086625670034,196.46672619753372,78.24844900285609
CMP_1548,X/Twitter,E-commerce,Medium,78.82224085076344,14,0.7949672117405817,9.207133464594765,11.152336752207383,1.0,3.893976778271329,95.6466386113551,64.59245131617774
CMP_1549,Instagram,BFSI,Low,46.96666285040058,6,0.541906377718506,10.54073371828089,17.249673314934594,0.8,4.057852295882201,102.36146089610396,63.39885882830416
CMP_1550,LinkedIn,Travel,Low,50.25602887102919,11,0.451677199454413,29.235254447357924,29.20364203302532,0.8,5.039371101645505,157.61723158700954,83.24970459464264
CMP_1551,TikTok,Fashion,Medium,46.01189113217201,12,0.9981799296956705,38.977456748792896,15.542964444060654,1.0,4.218574511952634,179.73271753827342,95.0
CMP_1552,LinkedIn,Healthcare,Advanced,118.65889653834198,13,0.1689310352682294,60.22269885979761,47.14967353474973,1.65,7.07964748695749,250.0,95.0
CMP_1553,YouTube,Fashion,Medium,76.32556705724808,4,1.0,46.262671005770265,15.625162206108476,1.0,4.142901382202474,203.4093255663428,95.0
CMP_1554,TikTok,E-commerce,Medium,65.1353120651615,7,0.5619998417713012,5.510349207256233,26.032356512512482,1.0,4.559700992473686,86.45334132492971,52.88624635676311
CMP_1555,Instagram,BFSI,Medium,19.7516814242064,2,0.8080860260589036,24.392806456665237,23.509027639742293,1.0,4.865441308279342,138.11837205242134,95.0
CMP_1556,Instagram,Healthcare,Medium,40.33163729186155,6,0.30987736414353495,13.656682424610352,30.093245952344617,1.0,4.823211113472626,118.12472419034367,37.94685841914308
CMP_1557,LinkedIn,FMCG,Medium,112.04889385059431,6,0.40488314039013784,22.9801254072053,42.992215027956206,1.0,7.523057390606442,175.734705808418,71.16186928455976
CMP_1558,Facebook,Travel,Advanced,56.26975944929999,18,0.33400865145603986,46.51637071668764,14.594597693221855,1.65,2.3710396014201733,180.74225925610193,95.0
CMP_1559,YouTube,BFSI,Medium,92.5385371570522,20,0.529793764198175,19.352750790865883,15.249808618673594,1.0,4.014821019589729,117.66234381735157,75.47563776779663
CMP_1560,TikTok,Technology,Medium,224.3504728944281,8,0.6115452280217522,54.72755729299295,18.54514067463349,1.0,3.9083336869276923,232.74047210582359,95.0
CMP_1561,Facebook,E-commerce,Low,125.32180327792723,8,0.7633603993205245,16.12806715093326,24.460790220909647,0.8,5.599975686480284,127.80218941712627,77.88928585092182
CMP_1562,Instagram,BFSI,Advanced,58.82263149119876,8,0.20770888032624618,94.63944514998813,24.806606127889147,1.65,3.8471557991414937,250.0,95.0
CMP_1563,YouTube,Travel,Medium,36.27789722122098,8,0.5813767875484178,35.29030205598496,12.569295167761602,1.0,3.281593149800862,163.41351424758992,90.43089006797261
CMP_1564,Facebook,BFSI,Low,7.079195867052946,1,0.7289817735898618,20.65586415803318,13.443742941792797,0.8,3.0339915419048884,127.55963467545872,89.97558542338466
CMP_1565,YouTube,Travel,High,47.71720678162598,2,0.7664371942328662,45.152682617468514,31.23876940706098,1.35,5.776475232932496,213.32037439701912,95.0
CMP_1566,Facebook,Technology,High,42.06390474024864,12,0.46189614367531445,12.517945263451594,12.39565843768598,1.35,3.111489058761159,93.27034006581688,54.81956221742642
CMP_1567,LinkedIn,Healthcare,Medium,74.61137351058542,15,0.46438476052737715,65.91777360878567,19.80923227752528,1.0,3.86357675916884,250.0,95.0
CMP_1568,Instagram,FMCG,Medium,48.27316510722356,4,0.5315950920329706,38.24059144865484,22.520437690328464,1.0,4.381789333645716,191.56397904368936,95.0
CMP_1569,LinkedIn,Technology,High,42.25370120495979,3,0.5872105408820515,44.03844123564065,20.15649314086006,1.35,3.8969106932229596,198.25384980923508,95.0
CMP_1570,X/Twitter,FMCG,Low,13.150777148124735,14,0.8105195623249826,42.27555494034297,26.318040105285192,0.8,5.307375086765096,230.30104092587848,95.0
CMP_1571,X/Twitter,Healthcare,High,25.73947322372839,8,0.30798087450859735,62.08705988560001,18.27863180774242,1.35,2.878953060886817,237.02517701598748,95.0
CMP_1572,Instagram,BFSI,High,79.9435557588984,13,0.39274925527869015,51.60914985160692,40.81583151834349,1.35,6.750881311786738,238.2345005699101,95.0
CMP_1573,YouTube,FMCG,Medium,215.44940554072645,19,0.2837177378709136,25.40208824080911,15.234387681512086,1.0,2.9294611216522455,130.7630971935559,67.13764853190229
CMP_1574,TikTok,E-commerce,Medium,50.50032101549075,5,0.6355508170076689,58.09372661605759,14.647853797371981,1.0,3.492049032251017,238.16405295798168,95.0
CMP_1575,Instagram,E-commerce,Medium,70.96940430320129,13,0.7702736384522761,19.347797761310474,36.73750315184824,1.0,7.078101417217387,156.7173333296081,83.26353910853814
CMP_1576,Instagram,Travel,High,116.97760726260184,20,0.26580664912594415,13.271029446362279,15.184884621973206,1.35,2.1934374108860344,78.59355333036834,46.90503350247985
CMP_1577,Instagram,Technology,Medium,28.539378947563662,1,0.5677406613792408,39.01114673765257,23.06896795112177,1.0,4.654843785923286,180.91635242233343,95.0
CMP_1578,LinkedIn,Healthcare,Medium,73.21872795532295,16,0.7558006479956325,60.40182642731582,26.013709179999502,1.0,5.318007406900512,250.0,95.0
CMP_1579,LinkedIn,Travel,High,30.192933741532034,2,0.7069093605906065,15.334348270556198,8.80447629517127,1.35,2.4986929217260685,101.9030488772886,80.2926478657825
CMP_1580,X/Twitter,Technology,Advanced,109.05578614423064,7,0.7045507715730315,26.54617600338761,14.800629090097294,1.65,3.2586587153253124,163.05801898500823,93.61874437312565
CMP_1581,Instagram,Technology,Medium,61.628377512212644,6,0.31202491542135036,58.134026759815825,15.12421292859755,1.0,3.091865789806402,229.83605460108956,95.0
CMP_1582,Facebook,Travel,Advanced,69.32194004007975,5,0.703886882183627,21.643269741547492,28.471217846768454,1.65,5.0406277086127576,146.94438835656447,93.42427832284439
CMP_1583,X/Twitter,Fashion,Medium,29.192771348391833,4,0.5128148964629977,54.446067129377454,11.242373741628477,1.0,2.341970176463566,209.0240365422227,95.0
CMP_1584,X/Twitter,Technology,Low,96.12273723094664,2,0.7640323629108561,38.95103041824755,7.634155841717786,0.8,2.7173276642067146,196.5302354771751,95.0
CMP_1585,TikTok,Fashion,Medium,289.38857552018675,10,0.6398333110469465,23.512385857410223,20.601554542168795,1.0,4.215670425277791,147.3027332805126,78.76088358241465
CMP_1586,Instagram,E-commerce,Medium,24.377745432206332,5,0.3868998473380638,28.572484629286965,21.749910022933665,1.0,4.149745064681463,155.53666438856663,65.04005917926688
CMP_1587,LinkedIn,E-commerce,Medium,41.60385344563721,18,0.6057623911109012,42.697193791035374,16.24223146451044,1.0,3.6767699124392355,213.24110777615402,95.0
CMP_1588,Facebook,Technology,Low,65.71229058700973,10,0.7137032120904825,17.095383401842366,15.222615264013934,0.8,3.507031780265139,112.77549717859921,81.38741925323617
CMP_1589,Facebook,E-commerce,Advanced,102.42440042257373,15,0.4487271861843665,28.781569896338414,30.15039845558587,1.65,4.912174782550866,200.71175721392694,89.66897110443841
CMP_1590,YouTube,Healthcare,High,34.895677643029074,9,0.5757603984241894,61.678757323374484,31.1709358533209,1.35,6.053105774129879,250.0,95.0
CMP_1591,LinkedIn,Fashion,High,5.6608596815769605,11,0.2826780846102038,70.55601385088877,21.247299512287913,1.35,3.700580041467873,250.0,95.0
CMP_1592,TikTok,Fashion,Low,161.96035698732277,17,0.6598063869261359,25.69443102122472,6.648909400938511,0.8,1.922347564643767,125.27760793488767,85.05994998526766
CMP_1593,Instagram,Technology,Low,100.3239946998123,9,0.5387472572747901,11.618114205624462,6.2925275566562116,0.8,1.3915738909556796,72.82228079906297,62.52166874701122
CMP_1594,Instagram,E-commerce,Low,13.539914808301349,16,0.7328172785259057,36.229350681626805,23.848574979210476,0.8,5.142681124360636,197.94073555535908,95.0
CMP_1595,YouTube,FMCG,High,33.580480698687914,6,0.654173361175476,18.565375899748943,6.032371199372582,1.35,2.0226009623382963,94.17136997769691,77.49704649923672
CMP_1596,X/Twitter,Travel,Advanced,191.4345440419102,11,0.46856536121235687,54.96268014358484,9.393020282552826,1.65,2.0023961091758298,229.88468057179318,95.0
CMP_1597,Facebook,Travel,Medium,173.85769760732424,17,0.3807262223298921,48.386702603916326,37.27755726207925,1.0,6.7065073733868505,239.11097035288216,95.0
CMP_1598,Instagram,Fashion,Low,115.68974757653721,4,0.33471996653486324,26.19213595580634,5.8740134240616735,0.8,0.9880525530904096,112.98002035486898,64.9854028747052
CMP_1599,Instagram,Technology,Medium,47.423128504675844,15,0.4485156001102488,39.07948150971458,16.434479900488146,1.0,3.287266899679466,180.359072762074,95.0
CMP_1600,TikTok,Technology,Medium,58.345949268732774,1,0.7274193405571516,15.360374995025461,8.79085739844418,1.0,2.9908813259254026,98.81752862807174,68.71355189473552
CMP_1601,Instagram,Healthcare,Medium,49.16880392849568,20,0.19874652925920405,29.76929034252861,10.480482865255242,1.0,2.116148142488876,121.8102712947303,71.32027921135287
CMP_1602,Facebook,BFSI,High,134.63828695016423,1,0.34285504447221393,76.22831971774664,5.514933275314882,1.35,1.1219116130728328,250.0,95.0
CMP_1603,Instagram,BFSI,High,27.094373185717632,9,0.7217998853314083,26.722538780401415,23.169271624262205,1.35,5.3141901886697,166.4154401953337,91.00080705562958
CMP_1604,Facebook,Fashion,Low,28.655926376362345,12,0.8157904539502832,37.56757561683761,28.51369504838815,0.8,6.334598005598328,205.42942773351876,95.0
CMP_1605,Instagram,Travel,Low,122.51330905972534,4,0.35336826335525523,29.45641597335905,5.368023906130203,0.8,1.8192654501330892,127.30627174247843,65.94711901583747
CMP_1606,X/Twitter,Healthcare,Advanced,52.694486816688496,13,0.34063818544368657,58.25286021907749,33.22073131478138,1.65,5.4043852728206545,250.0,95.0
CMP_1607,Instagram,Healthcare,Medium,164.47751671553686,7,0.8314320479143809,24.140622247830713,21.393376821876732,1.0,4.804276749854109,162.52820224654738,90.59319560944512
CMP_1608,YouTube,Healthcare,Low,31.905877306885696,8,0.5252811160865237,19.735093423108335,21.890765690413303,0.8,4.711597291816626,147.49071064084941,68.82968132072453
CMP_1609,Instagram,Fashion,Low,52.25718073457016,13,0.37109152417456903,31.464043541513394,9.313905723653827,0.8,2.272503442290218,146.47795984299896,81.01931791268106
CMP_1610,X/Twitter,BFSI,Low,26.103505407859558,11,0.758923577877724,25.376185686993132,17.13343178091452,0.8,3.8964011471746245,138.5974319132833,95.0
CMP_1611,TikTok,Travel,Medium,54.92069003234532,9,0.6506961593207999,22.247556398602736,25.836179273512393,1.0,5.112996256034191,144.6984540538815,77.63410145393698
CMP_1612,LinkedIn,Healthcare,High,16.72931300338499,16,0.6973308053270609,22.94170414155366,43.06667931820989,1.35,7.397234045817622,175.15464541270177,89.10481536858613
CMP_1613,X/Twitter,Travel,Medium,36.96210738853306,10,0.381512083648064,46.95425423541861,21.88057127798252,1.0,4.389871473945628,209.03873059129282,95.0
CMP_1614,Facebook,E-commerce,Medium,17.305024762957,11,0.624965068215861,60.67093545476996,24.48219198588898,1.0,4.8916812727432335,249.69541126705178,95.0
CMP_1615,Facebook,Technology,High,95.11993666631716,12,0.799257232184632,6.492930010318943,17.783703911974413,1.35,4.788967977903204,89.15128734118223,59.47202653870128
CMP_1616,LinkedIn,Technology,Medium,96.86046830302139,14,0.6781588721296438,8.041879865926262,5.259892120826388,1.0,1.5975095266833192,69.31934494835812,60.85377399020042
CMP_1617,TikTok,Travel,Advanced,13.678015222755551,19,0.7339739836706178,43.6541641957426,43.096112003306494,1.65,7.640913074080022,236.23327975383842,95.0
CMP_1618,LinkedIn,FMCG,Advanced,158.71475484522662,12,0.8306285099925805,128.460840163581,9.335752589423052,1.65,3.0457777391653575,250.0,95.0
CMP_1619,X/Twitter,FMCG,Low,402.59540552691163,18,0.6355339439510711,25.384112061149118,18.503129186587913,0.8,4.724942610632596,152.86255217837038,83.77331615843076
CMP_1620,YouTube,Fashion,High,56.64507857027331,17,0.43697581452350026,24.500924781127615,11.26875173507388,1.35,2.5875677068349807,129.14318954891667,71.78120984771587
CMP_1621,X/Twitter,Fashion,Medium,32.69128706607777,3,0.7254222307063907,43.59831993956339,36.288026034407864,1.0,6.666108651009489,224.18566353080374,95.0
CMP_1622,Instagram,Technology,Advanced,522.938817148719,1,0.3288589298198752,6.580545933223048,49.083126723252924,1.65,8.025519523294872,102.9655772166164,39.94918531651997
CMP_1623,X/Twitter,E-commerce,Medium,19.007339638913944,19,0.5055361012244584,7.097099422919501,22.203948703447622,1.0,4.138917506992614,84.79326396271576,59.40329268176157
CMP_1624,TikTok,BFSI,Advanced,55.48347193877144,4,0.6676158458258321,48.76755130630171,4.751626488743808,1.65,2.331870851225295,185.04430674609665,95.0
CMP_1625,Instagram,BFSI,High,63.03548476763407,16,0.0,56.70351191695058,14.692128596719135,1.35,2.462222620313051,198.6505682237658,90.58761028015657
CMP_1626,LinkedIn,Fashion,Medium,160.15115633630293,12,0.6004926730692935,50.52001419313323,21.439414314417036,1.0,4.899972612891238,224.8265349055402,95.0
CMP_1627,Instagram,E-commerce,Medium,72.80547657861692,13,0.609925214385562,53.98420653597082,5.570171177218781,1.0,1.5627302408192318,193.85952099320969,95.0
CMP_1628,X/Twitter,Fashion,Advanced,36.63825390976619,17,0.3228130156875446,42.89011961098627,19.757686722507483,1.65,3.067759248872403,185.20910438900287,90.53022692011153
CMP_1629,Instagram,BFSI,Advanced,25.509540098026864,8,0.6151721183498629,105.43603888227916,14.042267569439606,1.65,3.26680897457501,250.0,95.0
CMP_1630,X/Twitter,Travel,Low,41.535253302470664,13,0.5879897002512116,35.779962550049,2.533193647256141,0.8,1.8007039531118838,167.6939339105236,95.0
CMP_1631,YouTube,Fashion,High,24.396949676932657,20,0.5567943560767282,35.38189819162406,25.057770198443155,1.35,5.179644781706984,189.23319886991857,94.45887671164432
CMP_1632,Facebook,Healthcare,Medium,56.72756545531658,5,0.7878867607523687,51.80377429356186,13.287428390371733,1.0,3.640908663023453,219.4033620246553,95.0
CMP_1633,LinkedIn,Travel,Low,34.76610980553411,18,0.7257818713034405,26.438797535692668,17.746423815478764,0.8,4.357739757754688,171.58808964927505,91.05601005779292
CMP_1634,YouTube,Fashion,Medium,16.52327123882657,15,0.6779965701426683,24.347750781301585,28.25831722918381,1.0,6.0492365284999385,152.94375704172074,93.3937297155611
CMP_1635,TikTok,Technology,Medium,149.02538054982173,12,0.34515569415142744,42.88084721197523,23.811218777733178,1.0,4.025665033571412,184.92019005176937,94.40560261179138
CMP_1636,Instagram,Fashion,High,36.66644315220487,17,0.5465317329632569,11.81935696983715,12.651699606357539,1.35,3.43094920326704,102.6522121317367,67.51464575234715
CMP_1637,Facebook,Technology,Medium,19.796211005305004,15,0.7868869479411801,49.93373563057903,18.49934323359315,1.0,4.797947542879421,240.53089426708095,95.0
CMP_1638,Instagram,E-commerce,High,47.722008824282206,2,0.5070676356637415,19.97600857480447,24.840563251297887,1.35,4.574631174367351,149.14394798778645,73.03538810844871
CMP_1639,TikTok,BFSI,Low,57.66770161641746,6,0.8608524038827141,37.02136303095701,19.733069203139113,0.8,4.396919858498148,165.7815027851285,95.0
CMP_1640,TikTok,Travel,Medium,13.50184873682192,17,0.6838386812803003,40.63101155648067,18.44037240772398,1.0,4.36108605040049,176.47009471761223,95.0
CMP_1641,X/Twitter,Travel,Medium,71.1875635343887,16,0.8919121125784489,21.857515979248504,11.653837591965537,1.0,4.129098207397043,133.9506252450435,95.0
CMP_1642,YouTube,FMCG,Medium,23.624255154897995,17,0.33653355540304186,49.46093980043681,24.090521528626212,1.0,4.033306816134497,223.8721370309732,95.0
CMP_1643,X/Twitter,FMCG,Low,214.6101330409093,20,0.5190684922750587,20.9589596266855,19.63163150649199,0.8,4.55897868918956,133.77120990342894,71.67613546401859
CMP_1644,LinkedIn,BFSI,Low,83.02721201460842,9,0.5379737953983896,33.82302613515914,9.19382582813555,0.8,2.1668788446515075,135.70031519930055,95.0
CMP_1645,Instagram,FMCG,High,39.64956622469929,5,0.6712346612870407,65.02710699996538,30.427496448913615,1.35,5.84060631841153,250.0,95.0
CMP_1646,YouTube,Travel,Medium,30.08015896312761,1,0.40228048362349766,50.559493338973944,5.8593307056575155,1.0,1.344623431401775,198.17542344180538,95.0
CMP_1647,Instagram,Fashion,Medium,50.20054252695275,6,0.22847859199270437,36.63188676760558,4.0376683243005065,1.0,1.1918324856978488,154.8631650247237,76.11913206687376
CMP_1648,YouTube,E-commerce,Medium,89.14217733778798,14,0.6256395413956919,53.79439851157008,23.018745175047464,1.0,4.74478744632887,244.6265010919812,95.0
CMP_1649,YouTube,E-commerce,Advanced,53.495882971217206,17,0.4767053504159866,31.95705933996227,55.140829885366415,1.65,9.239436508634494,226.24320844961736,90.88633981047823
CMP_1650,YouTube,BFSI,Advanced,45.89118057599193,19,0.4558605916399665,86.64054667056686,31.381603603214245,1.65,5.43065673961631,250.0,95.0
CMP_1651,Instagram,FMCG,Medium,57.20814209959801,1,0.4114382169277473,27.759845021014087,11.079547559230244,1.0,2.356629235175101,112.47758037493784,77.90029990454866
CMP_1652,Facebook,Fashion,Medium,33.680291859895505,1,0.5747777515701485,16.038054977690194,25.419006099647643,1.0,4.94246315113208,112.400681625863,69.34000547729455
CMP_1653,Facebook,E-commerce,Low,41.48928738138104,13,0.3346284942091714,12.232887106770503,26.835783649069363,0.8,4.61631076372772,91.71309464145934,46.10165790149622
CMP_1654,Facebook,E-commerce,Advanced,10.291991297669966,14,0.5111608505930614,39.08708537227771,88.51885439559364,1.65,14.287343616219719,250.0,95.0
CMP_1655,Instagram,Healthcare,Low,118.98304270518082,6,0.38425740368243566,47.545473572120656,34.173796082982705,0.8,5.445628259200054,232.64104378106558,95.0
CMP_1656,TikTok,Healthcare,Medium,69.34112914179038,6,0.42816451720271226,20.208215555897304,28.85260863587592,1.0,4.538959867785032,135.75011116079207,61.19331002723137
CMP_1657,X/Twitter,Travel,Medium,29.407075973985357,1,0.6207620369545916,12.847865953076465,17.826630099239647,1.0,4.019610206639384,120.94048840452709,64.44366928211487
CMP_1658,Facebook,E-commerce,Medium,249.38253060031764,14,0.6802819724205591,45.128287785729,14.512633685843737,1.0,3.651337416023927,200.98910904026252,95.0
CMP_1659,Facebook,BFSI,Low,58.53431622050022,3,0.4887790146723116,33.43779744743753,12.760987778652725,0.8,2.9620087068888443,139.41833568693937,92.03445993318726
CMP_1660,Facebook,Technology,High,23.83333288974711,10,0.7435660787011075,45.84480907379798,35.98987110326658,1.35,7.04394072943942,240.69443249751038,95.0
CMP_1661,LinkedIn,Technology,Low,108.35251474535222,19,0.3554572818125779,12.160798609927955,31.251468590876947,0.8,5.262820857560812,118.57347011803976,53.56102762039809
CMP_1662,X/Twitter,Fashion,High,75.07131836257726,19,0.2460202789999359,26.260877497367172,52.51776412930591,1.35,8.264195628278133,202.9482353465311,59.42026323259204
CMP_1663,TikTok,E-commerce,Low,74.86331531671475,19,0.28273496269683857,24.41996393654074,12.093755358438012,0.8,2.2360997173912986,128.5682308777125,57.15261499289386
CMP_1664,X/Twitter,E-commerce,Low,38.837858920727975,4,0.33491864157723156,30.356237027634837,15.778994445489694,0.8,2.493650212910738,145.71364122591672,74.53385666440123
CMP_1665,TikTok,Travel,Advanced,78.28817571570768,20,0.2874213531767441,53.287685548467074,48.063917391368626,1.65,7.956859225480667,250.0,95.0
CMP_1666,TikTok,E-commerce,Low,44.28266839243126,19,0.9542307835792493,23.41073203041808,22.533991897148404,0.8,5.5241628548108315,170.32483827091357,95.0
CMP_1667,Instagram,BFSI,High,85.17884980703012,10,0.23995584248071505,70.03119146567033,9.322680016929857,1.35,2.1578701329258108,250.0,95.0
CMP_1668,TikTok,Healthcare,Medium,11.894123287980266,2,0.7374857806793826,35.163579992059866,24.87901277360575,1.0,5.113587804551556,160.94904399206592,95.0
CMP_1669,Instagram,E-commerce,Low,38.5864519695662,4,0.5449742301785451,24.936896511418706,4.899641106487198,0.8,1.6096358764606775,121.7586420723335,73.86235077789239
CMP_1670,YouTube,E-commerce,Advanced,216.5289113493033,6,0.594920093383582,77.45322553666846,30.272575700614375,1.65,5.589574080233567,250.0,95.0
CMP_1671,Facebook,Travel,Medium,29.557751740071723,7,0.36885405745790706,44.39020557982866,15.579320352428274,1.0,2.9199556912214386,170.66283630598772,95.0
CMP_1672,TikTok,FMCG,Advanced,33.680847824893966,16,0.6150905449789368,45.51492608280617,17.216463070688892,1.65,3.2116109176704355,197.60234698685318,95.0
CMP_1673,TikTok,Travel,Low,38.15401250408633,7,0.36721628898586034,18.149935245884393,17.820654465845614,0.8,3.4966734045258065,139.64414940107338,55.29353715983998
CMP_1674,YouTube,Travel,Advanced,20.659083286504814,18,0.7345532364056893,41.7720317237039,56.394689614614094,1.65,10.181408665593368,250.0,95.0
CMP_1675,YouTube,BFSI,Low,9.331309689510086,20,0.7511026955708469,54.983280373620886,17.63012508268619,0.8,4.211709371926661,232.59996870427054,95.0
CMP_1676,Facebook,Fashion,Medium,45.400852444477636,19,0.5230276126268157,38.92771845322825,6.797543946159,1.0,2.0724513111065823,162.61811644642614,95.0
CMP_1677,Instagram,E-commerce,High,60.866779864928844,9,0.5361271789291444,30.359069402617205,25.43617454656323,1.35,4.699504325743998,191.37586468829988,88.24326393720233
CMP_1678,Facebook,Travel,Advanced,52.35230386177369,20,0.6365447798853668,64.22557457633613,29.66430562013002,1.65,5.951343212381589,250.0,95.0
CMP_1679,Instagram,Travel,Advanced,48.623023361139204,10,0.6263218856115575,79.39582308371277,54.92683842534232,1.65,9.465368095308632,250.0,95.0
CMP_1680,LinkedIn,FMCG,High,56.510852348936886,13,0.7548292746267233,22.88014031351576,43.81360795890465,1.35,7.7160795075266915,177.2523153107942,85.59682602565013
CMP_1681,Facebook,Travel,Advanced,123.75120976014983,18,0.7491691850420599,59.013853727658805,51.29882760035305,1.65,9.590114741102106,250.0,95.0
CMP_1682,TikTok,Technology,Low,46.8824334158652,16,0.544231813864177,46.1593947205558,7.009469116472841,0.8,2.3338862561568,200.60692545247827,95.0
CMP_1683,LinkedIn,Fashion,Medium,34.492225069316056,17,0.45455510300901114,44.40848042276525,7.997632991935072,1.0,2.6052294252268533,173.46331273105898,94.6390383304335
CMP_1684,YouTube,E-commerce,Medium,43.60185137093198,13,0.7123239575722954,52.93317015922366,6.078864624623157,1.0,2.6853207414449827,218.48948651595097,95.0
CMP_1685,Instagram,E-commerce,Medium,86.78878496146011,12,0.5187428502225132,54.33324538981423,2.9896035492247313,1.0,1.2990235907876049,195.17032123052056,95.0
CMP_1686,TikTok,FMCG,Medium,168.9531576499808,10,0.572748788457305,31.42287588660722,26.412104132346457,1.0,5.021786248078963,166.95828171754735,87.8742744678434
CMP_1687,TikTok,BFSI,Medium,33.032271526827216,1,0.6560632447702182,29.843640652452795,10.233548709772968,1.0,3.150622209645714,143.15836219133064,95.0
CMP_1688,X/Twitter,E-commerce,Low,59.09504202595034,8,0.7451113944150716,39.49845289709587,15.556772344020585,0.8,3.471156772052187,157.63614703188244,95.0
CMP_1689,LinkedIn,Technology,High,71.57071296945279,18,0.6021696283816572,33.347032867384065,22.50411462812329,1.35,5.0767243738659005,170.4608649247444,95.0
CMP_1690,YouTube,E-commerce,Low,24.67862772106108,2,0.4325604108252227,28.897081119046597,5.495841080622143,0.8,1.7877386379423033,129.48422205544415,70.31516530779592
CMP_1691,Instagram,Technology,Medium,55.49726463990537,16,0.9094020687728901,45.986345898277094,24.493825265809413,1.0,5.741265418691124,224.37813936635015,95.0
CMP_1692,X/Twitter,Fashion,Medium,16.902489421465983,12,0.8560683623086824,32.884159600864805,24.070340156364114,1.0,5.419583197297103,174.2290830206387,95.0
CMP_1693,Facebook,Fashion,High,13.26010306044564,9,0.3463993285495003,20.193353521086987,52.02136988378627,1.35,8.512020643879273,197.54089006786495,60.82373352691353
CMP_1694,Instagram,Healthcare,High,73.21476632053952,3,0.3676456846151266,23.175059715164398,10.192324933731681,1.35,2.177033915321878,105.71568723552411,76.50050245597477
CMP_1695,Facebook,Healthcare,High,40.161153875700535,4,0.3927973036281852,58.666116799132254,25.48616959320941,1.35,4.564568906535389,250.0,95.0
CMP_1696,Instagram,Technology,Low,64.18851663587716,2,0.7197101783429621,31.866216015838386,4.225512175421125,0.8,1.272025074613376,132.33212723734582,95.0
CMP_1697,Instagram,BFSI,Medium,53.822092190613915,8,0.9170286383447,33.353424481187965,7.162595303283208,1.0,3.07727451501987,154.35376413709417,95.0
CMP_1698,Instagram,E-commerce,Low,25.000103405232885,10,0.44874534656575665,18.119141967225826,7.33910023753834,0.8,2.651975711520825,107.11724169939596,64.52411161927276
CMP_1699,TikTok,Travel,Medium,52.656861787129785,16,0.5838536715831146,26.401248072803327,11.504261700904822,1.0,2.6445894477941767,133.87547385183169,80.01580405746591
CMP_1700,X/Twitter,E-commerce,Medium,20.358916150115967,11,0.3994788279468161,37.420353492613884,20.643003101056486,1.0,3.4549724546255156,164.1643923057871,94.1549079561412
CMP_1701,TikTok,Healthcare,Low,166.13120810220676,18,0.8900385529765915,29.69678696491594,9.309184154931135,0.8,3.6470849065560564,143.57071983086112,95.0
CMP_1702,Facebook,Travel,Medium,18.452940308658544,14,0.7149656683752966,42.79794392993233,25.815412005900843,1.0,5.415520205288862,211.37619817117525,95.0
CMP_1703,Facebook,Technology,Advanced,46.68261302379285,8,0.38507288721922817,30.352982565761486,19.223774921815785,1.65,3.925110729972468,162.53025911505347,76.31748093631464
CMP_1704,X/Twitter,Travel,Advanced,23.716777985714614,15,0.1295317778095295,33.72185983205295,39.55076138104721,1.65,6.342667800343198,203.91454157135993,65.80810905320973
CMP_1705,Facebook,E-commerce,Medium,86.17127958548348,17,0.7575174115523134,11.630599986667399,22.86896952485343,1.0,4.667178873649207,123.35275002428736,66.51983442638345
CMP_1706,Instagram,E-commerce,Low,41.88194817611796,18,0.4355030387571146,47.83504683589799,21.420481798244435,0.8,4.356735148550178,203.49992307351317,95.0
CMP_1707,LinkedIn,BFSI,Low,36.05575982870777,6,0.7185464338421852,25.53290263946935,12.671016904298481,0.8,3.18984904655379,138.44422127615607,87.49989110312475
CMP_1708,Instagram,FMCG,Medium,108.04645094948401,14,0.608738067370083,10.028520638816715,33.83228720933377,1.0,6.044527026815828,122.49031368704064,63.67188471287754
CMP_1709,LinkedIn,Travel,Advanced,55.89888721989322,3,0.18314079345518963,10.194956717390692,28.911732463590926,1.65,4.89457128152027,103.99178697178627,38.750715435476714
CMP_1710,LinkedIn,Healthcare,Low,82.54268526998382,7,0.3886446536385944,16.91031379789876,10.466547935979282,0.8,2.399103923022059,119.55676589986277,59.37846635574305
CMP_1711,Instagram,Healthcare,High,24.901779101707884,15,0.47917106254278435,5.710874488736009,30.068907989689563,1.35,5.592618822647865,108.56498056714044,48.37171074783562
CMP_1712,Instagram,FMCG,Low,17.74575699583408,16,0.41484200214973443,54.12065636376824,10.726139404681364,0.8,2.5518443411755034,227.27341681301868,95.0
CMP_1713,YouTube,E-commerce,Advanced,59.487509707461214,16,0.573233656977077,20.71669993084285,25.285500650147426,1.65,5.188382018229533,110.77342327931044,85.5443176312802
CMP_1714,X/Twitter,BFSI,Medium,42.305745980276996,8,0.6302762892302638,44.90233548536822,33.659498802369036,1.0,6.698491268354426,245.5595848038702,95.0
CMP_1715,Instagram,BFSI,High,90.12050669203232,7,0.9078719875014161,42.43705390893791,40.54320865062741,1.35,7.960686712623838,248.200255374687,95.0
CMP_1716,TikTok,Healthcare,Medium,51.21708858933661,6,0.6444426953752936,36.58954396211918,14.350203968688158,1.0,3.874795525592494,183.28436914049104,95.0
CMP_1717,Instagram,BFSI,High,64.33219922070626,2,0.8482202131439752,21.001913848740855,28.328528039113326,1.35,6.285226917496366,155.49810657460864,92.55042906015925
CMP_1718,LinkedIn,Fashion,Low,14.898998203803531,13,0.4546366428917411,41.33414028941938,19.844745792277905,0.8,4.107918173108805,214.40428364040736,95.0
CMP_1719,TikTok,FMCG,Low,247.33644905847922,12,0.7830426827027351,16.185028978258835,18.372386047407065,0.8,4.149516227073978,116.38053995148022,76.83529018161693
CMP_1720,Instagram,E-commerce,Advanced,47.87562067819527,15,0.4737603819020143,87.84959485242344,45.58676447696204,1.65,8.079446702182608,250.0,95.0
CMP_1721,Instagram,Fashion,Advanced,95.39914119561865,9,0.36659663970487577,83.64200292060538,34.215175498835606,1.65,5.993742094724738,250.0,95.0
CMP_1722,Instagram,FMCG,Advanced,27.96983656087126,2,0.35814464835775295,46.37365110525016,13.04531151247339,1.65,2.270389115825017,185.97244454230258,95.0
CMP_1723,Facebook,Technology,High,69.85403996637928,17,0.02160894829130644,44.94570498238425,6.128463577281363,1.35,0.6072097853664924,160.3777647615014,78.4902780753033
CMP_1724,Instagram,Travel,High,19.25410315982791,5,0.7208165245880317,68.53315770379163,13.17625399243352,1.35,3.053579462221191,250.0,95.0
CMP_1725,LinkedIn,Healthcare,Low,78.38670003915374,11,0.29196099273199827,23.632295958423043,6.410319169408071,0.8,1.1875219364425593,111.49418366990315,76.64337486990925
CMP_1726,Instagram,BFSI,Medium,41.067651048929456,19,0.8316290469227434,24.536476830408084,14.356828748990146,1.0,3.4880899303412223,147.19960842378373,95.0
CMP_1727,X/Twitter,Technology,Medium,55.88815174081936,7,0.5151558995358918,20.988141945686305,12.450494588452575,1.0,3.148842665042843,119.67289576552992,68.73403221953821
CMP_1728,TikTok,BFSI,High,95.42868590692495,2,0.23902705037304817,55.33367007807409,52.12406083079426,1.35,8.321311470506892,250.0,95.0
CMP_1729,YouTube,Fashion,Medium,20.36805518123806,16,0.3264539673919049,3.2494103274884645,32.434664525614906,1.0,5.782953921031053,107.98488328014973,36.00596412976565
CMP_1730,LinkedIn,E-commerce,Low,31.576292936622455,12,0.5881269884628662,12.191607152513901,27.574332780256242,0.8,4.976405525933601,117.8711809022603,64.3828480311113
CMP_1731,Facebook,E-commerce,High,78.717022246034,15,0.1740085054912232,14.029088106398198,21.013683456513395,1.35,3.0375151632832993,74.93427888148902,42.33263618235034
CMP_1732,LinkedIn,E-commerce,High,292.5329118938773,1,0.6679890013908727,64.32331315250106,23.14306156118181,1.35,4.548484334364506,250.0,95.0
CMP_1733,X/Twitter,BFSI,Medium,48.88810582690239,13,0.24673354238810996,25.42753597697169,31.406124521733048,1.0,5.412261263493394,139.3672673041981,69.68586032212377
CMP_1734,Facebook,Technology,Low,87.61120444084825,6,0.4022047336270954,12.057925167437254,16.201317355305314,0.8,3.459041245741291,89.52692554313272,50.87017286428791
CMP_1735,Instagram,E-commerce,Low,50.12013502773955,13,0.5897440670749782,30.146662926543588,8.69108475451721,0.8,2.4150218845789833,149.68084580189083,94.62869581563916
CMP_1736,TikTok,Technology,Medium,258.2160082229719,18,0.6435221380346396,23.562779658422855,7.770621657337663,1.0,2.54936637024535,117.91597311048886,76.40403705584941
CMP_1737,Facebook,BFSI,Medium,13.493696715267541,3,0.7095439592521875,47.478918620056845,2.6109190744045163,1.0,1.65874697633263,179.64694124881674,95.0
CMP_1738,Instagram,Fashion,High,58.8915039979008,1,0.2886907972973827,20.999305884435763,23.254273074905136,1.35,3.847831013552434,127.23026621635249,60.2854973857347
CMP_1739,Facebook,Technology,High,14.873257075183497,15,0.48830944139756505,15.808590483764867,25.80877782414541,1.35,4.967231637218885,127.14255894447513,62.855110910670554
CMP_1740,Facebook,Fashion,High,7.350311869658548,13,0.768599900396825,48.92581008334916,27.768645297193846,1.35,5.901363200236535,234.24603331873436,95.0
CMP_1741,YouTube,BFSI,Medium,69.2670720508281,5,0.4883576067967739,25.456216383098877,3.8450359322958723,1.0,2.090622618492636,139.6227855831929,78.83167447941823
CMP_1742,YouTube,BFSI,High,61.04420274512307,13,0.6088548902408926,11.337836659636665,37.57080961596911,1.35,6.553804996040121,115.62553625510463,70.16101550855086
CMP_1743,YouTube,Healthcare,Medium,43.47258240359959,5,0.5824878516888138,36.153409384295784,31.137540919615486,1.0,5.498621585800132,196.7328299046636,95.0
CMP_1744,Instagram,BFSI,Medium,50.15131462727715,19,0.8102474302582318,20.048007273659703,16.406336669990914,1.0,3.9328463915827103,132.90004339729913,84.60393675925323
CMP_1745,Facebook,BFSI,High,651.0845736796875,18,0.45681816116487584,33.028718153807006,38.68096593270776,1.35,6.899740564680788,192.93501396355833,85.98989381079156
CMP_1746,X/Twitter,FMCG,Low,44.40978773273536,10,0.2720102142593929,39.86978854158378,13.65109433763309,0.8,3.1940155854907646,184.39407870625627,85.47567883166565
CMP_1747,Instagram,E-commerce,Low,82.11325796604164,8,0.3564256219728203,29.735381005018752,11.317071564899916,0.8,2.4529078126032493,131.96227825332963,82.37586233354597
CMP_1748,Facebook,Healthcare,Advanced,32.47622049033767,15,0.5877687959967044,43.06583877780444,13.103003893510376,1.65,2.8823552840661604,188.58409100190195,95.0
CMP_1749,YouTube,Travel,Medium,69.14363862550819,20,0.23609185073398858,40.03547763156536,6.088133238252736,1.0,1.043683084289622,140.01230961113185,83.5362437033995
CMP_1750,Instagram,Healthcare,High,45.1239460413321,4,0.4411172029865056,33.55930802639267,7.26306644157227,1.35,1.7969584519690809,143.1164063774551,84.81007759957211
CMP_1751,X/Twitter,Healthcare,Low,39.31417786797022,2,0.5650832785948396,8.063393393769106,27.455859869462728,0.8,5.317359694957456,130.29648161621492,56.61134407489703
CMP_1752,Instagram,Travel,High,233.95266902164235,6,0.39668157907131846,27.067808035510122,6.649461350239276,1.35,2.004558957627578,116.20778892779978,77.66387298059473
CMP_1753,Instagram,FMCG,Medium,140.0147774911965,3,0.6153706495506668,37.442257568545365,15.02132495110633,1.0,3.549513700371427,170.76650734877765,95.0
CMP_1754,Instagram,Fashion,Low,60.90999714155415,7,0.694882352469657,14.074529925588006,18.420872136241496,0.8,3.93694209139603,125.96390259522622,71.23838333762761
CMP_1755,TikTok,BFSI,High,8.641969007554176,10,0.6409817199905349,90.62067198531965,31.190406738001702,1.35,5.568143653849695,250.0,95.0
CMP_1756,YouTube,E-commerce,Medium,40.9025587165155,6,0.24049900798955448,26.21934829004457,14.428220816675344,1.0,2.8419769524771876,150.2470785735955,65.13797082815117
CMP_1757,TikTok,Technology,Medium,474.5761317903336,16,0.5658364375139254,9.25867127522565,18.18676043822856,1.0,3.6944819964683018,88.41705895157571,58.346455090150634
CMP_1758,X/Twitter,Travel,Low,45.39811873747676,2,0.58148846136775,26.87918567098312,9.772093428613832,0.8,2.488426136676547,133.96773313310038,85.97167803846247
CMP_1759,Instagram,Fashion,Low,131.96992525408567,17,0.47381397635750155,39.739021179516634,27.390434541807362,0.8,4.751990064896904,200.85264708412205,95.0
CMP_1760,X/Twitter,Travel,Medium,173.0453885351845,13,0.6126622025712744,53.23641865739049,15.54659470847505,1.0,3.0910735313303266,209.03224836079838,95.0
CMP_1761,X/Twitter,BFSI,Low,65.05097105584142,1,0.6054849151491215,46.24712885282715,11.60319045200021,0.8,3.444927806593089,188.90431344358197,95.0
CMP_1762,YouTube,FMCG,Advanced,27.841917101657103,6,0.5318249526274066,49.086745945027445,8.226656944025237,1.65,2.100063987656716,180.05234648553096,95.0
CMP_1763,Instagram,Travel,Low,7.781507881969083,5,0.3491456643973361,11.414070364571135,8.768150346182507,0.8,1.424202597410819,66.31765836202239,43.10018598725023
CMP_1764,X/Twitter,BFSI,Medium,94.38013030007241,13,0.5446758095399735,31.13859977372907,6.966722279136128,1.0,2.183239764455888,126.83625501239011,95.0
CMP_1765,Instagram,BFSI,Low,28.45133823892622,18,0.9233861855348826,16.65551378565592,9.49902940739997,0.8,3.2271480410895954,101.92326806188358,91.00310704435252
CMP_1766,Facebook,FMCG,Medium,62.86064935600039,12,0.4715385941968615,11.63362650240703,7.3621431708481895,1.0,1.4855686115932567,62.66939010343851,52.12173668198115
CMP_1767,YouTube,Healthcare,Advanced,20.088423991308602,7,0.7594610916352014,25.574595216306825,14.075893646439198,1.65,3.972550553504612,149.51634154024336,88.01911556212907
CMP_1768,X/Twitter,Healthcare,Low,44.15958338128999,15,0.5577714041135242,33.68436083718381,28.26587018098946,0.8,5.554119212748629,191.6525497732801,89.71184327068117
CMP_1769,Facebook,E-commerce,Advanced,56.09099282425617,3,0.3898542049327284,29.740880591872234,31.467400610042546,1.65,5.752571707943529,172.53929216442484,74.79037307559976
CMP_1770,Facebook,E-commerce,Medium,67.68569548032863,16,0.49068066035612395,22.922316589459427,17.943794522924648,1.0,3.7532724270272646,130.3895874871231,74.02462460153959
CMP_1771,X/Twitter,Healthcare,High,22.379430374352697,1,0.5466259252583797,54.323525820789136,52.04039756030351,1.35,8.508268001044014,250.0,95.0
CMP_1772,YouTube,Fashion,Medium,142.24184731750944,16,0.6810422932557811,14.057149099431665,19.155539353158414,1.0,4.216744436777508,109.22319395725648,73.15803905124632
CMP_1773,TikTok,Technology,Advanced,33.86845913243208,12,1.0,40.1298181174502,23.771514133934808,1.65,5.42148296331863,199.49329118356943,95.0
CMP_1774,TikTok,BFSI,High,14.302358183933341,19,0.5609329212028548,39.1912293943241,23.124537089012257,1.35,4.395510225738377,177.02777387135183,95.0
CMP_1775,YouTube,Technology,Medium,50.037927307590536,8,0.3038281537416887,24.252402343074134,25.734855712399895,1.0,4.958801053684773,165.31676581055945,62.68755124999012
CMP_1776,Facebook,BFSI,Low,56.120448512097504,12,0.21908451974436322,1.5210647260399508,5.215080155331304,0.8,0.9230495066321623,19.4294107653866,25.286779669675823
CMP_1777,LinkedIn,Healthcare,Low,62.08295946526381,15,0.4656430861343468,6.104457373621946,11.069955863643866,0.8,2.452835070670998,64.59222613806944,43.78657431392396
CMP_1778,Facebook,E-commerce,Advanced,162.342113942748,2,0.3243824200033426,118.9258073056793,25.812820951063653,1.65,4.532010741351294,250.0,95.0
CMP_1779,Facebook,Fashion,Medium,45.18842322134062,17,0.6615812595078527,29.6850259751344,9.795317310886269,1.0,2.910619872547224,145.4370796099379,91.53065095717724
CMP_1780,YouTube,E-commerce,Medium,49.61555038913324,7,0.6630511447012831,18.223269445254193,35.99512203154559,1.0,7.2330577880435944,156.99289059861476,68.09198129930596
CMP_1781,Instagram,Technology,High,22.588761300776962,13,0.5208049135384627,22.84769409937268,15.248711710945518,1.35,3.2798621329583075,128.7391933876366,65.64255314425482
CMP_1782,TikTok,E-commerce,Medium,105.26098127878586,1,0.6814772875799209,12.501313145140927,10.067624670227302,1.0,2.9603728676064534,84.62195080591009,71.15310877045957
CMP_1783,X/Twitter,Healthcare,Advanced,63.27227574284727,6,0.5629518695538405,99.97635400307178,28.48195709618477,1.65,5.036909727557733,250.0,95.0
CMP_1784,LinkedIn,Fashion,High,39.01623408721816,13,0.9235147590736713,34.16290366957754,17.891535203536503,1.35,4.703413398663656,165.45764319327088,95.0
CMP_1785,LinkedIn,Technology,High,11.896690417120402,11,0.6752249892710067,26.64689128497828,34.298973439982824,1.35,7.075933219587886,174.7692508325339,95.0
CMP_1786,TikTok,Fashion,Advanced,173.3876355812168,10,0.729123415229654,41.94183927256536,30.40197241849817,1.65,5.890323142384987,211.87818881626166,95.0
CMP_1787,LinkedIn,BFSI,Low,20.447405999135967,16,0.26037451783595233,15.927806740393134,19.05389375495395,0.8,3.6197413742900633,112.86322346364918,44.79886314936646
CMP_1788,LinkedIn,E-commerce,Medium,34.020986782663414,20,0.31575291055415233,11.105637219499956,26.7969625812819,1.0,4.227928949314173,102.58243474180603,40.871254745506306
CMP_1789,Instagram,Fashion,Medium,72.72430216912237,17,0.6457676852208947,22.840702954445238,42.56215168817851,1.0,7.57235297931481,193.02664093879898,77.80624684981251
CMP_1790,X/Twitter,FMCG,Medium,20.96288843782925,17,0.24015529835873406,52.81397734680268,50.93776298909477,1.0,8.032490745550767,250.0,95.0
CMP_1791,Instagram,E-commerce,High,16.530252341708113,4,0.4251048314249796,29.274016119823898,17.2241269572155,1.35,3.539452858585476,147.67953277765452,75.66178044111314
CMP_1792,YouTube,BFSI,Advanced,9.982583592649311,5,0.7858825226176775,29.404347532923353,11.655739918392491,1.65,3.2782421866330496,124.82226572761738,94.23443391472131
CMP_1793,X/Twitter,Fashion,Medium,97.2026099384482,14,0.42082884005890764,25.277141365935243,46.27444268164085,1.0,8.121593872052438,191.62836873507158,75.27019606124588
CMP_1794,LinkedIn,Technology,Medium,35.29887183990103,20,0.30805345874257795,33.375663776331336,32.632718344167685,1.0,5.3569137203096835,177.70127418330839,82.84766118137834
CMP_1795,Instagram,BFSI,Advanced,567.8265906624297,10,0.683508662261163,83.58977397108076,22.089918674489134,1.65,4.899759835069183,250.0,95.0
CMP_1796,Instagram,FMCG,Medium,24.643568347928667,14,0.9647064492081692,16.455954045191728,22.06326934796446,1.0,5.287332941200151,125.99781496088696,92.39379329689848
CMP_1797,YouTube,Fashion,Medium,26.123601591568626,1,0.3882709686274924,29.807087654061814,40.09641210685469,1.0,6.467380429373253,191.37895799068858,85.3150133099079
CMP_1798,Instagram,Travel,Medium,34.73283953722959,11,0.7948051596285673,32.855099610811564,12.959361757198346,1.0,2.8649833461352263,155.74449835004313,95.0
CMP_1799,Instagram,Travel,Advanced,66.32107527369527,18,0.3633650066870924,63.22559053992136,70.18729041969557,1.65,11.298821475395812,250.0,95.0
CMP_1800,Instagram,Healthcare,High,37.48111960434744,16,0.5275064437785973,72.61375316001953,8.209515810237875,1.35,2.081065037172257,250.0,95.0
CMP_1801,TikTok,E-commerce,High,89.10948401693433,18,0.5361734120597708,18.225949725385995,13.98094293081006,1.35,3.252084021803413,98.49537162919167,73.10109293370684
CMP_1802,YouTube,Technology,High,24.95637468622067,8,0.3936036519836068,70.13687480192858,53.24238885045773,1.35,8.395402985388095,250.0,95.0
CMP_1803,Facebook,Healthcare,Medium,18.078558543857312,10,0.7250790623096277,40.28593628114292,19.734575826296965,1.0,4.570404254494206,199.708833986,95.0
CMP_1804,Facebook,Fashion,Medium,12.954305558824805,10,0.242055817895179,38.57749735296773,16.474965467598484,1.0,3.4258993949509966,165.47087012835257,78.11751893102448
CMP_1805,Facebook,Travel,High,9.217839344122066,5,0.5890095220318159,46.15768928759064,3.2777544282288056,1.35,1.5978651656243974,171.5080162867751,95.0
CMP_1806,YouTube,Travel,Medium,36.07300437754238,10,0.7648329156385856,38.46397088115344,32.21988931635663,1.0,5.763829161125649,206.75055455946654,95.0
CMP_1807,LinkedIn,Travel,High,42.914756883576125,18,0.7084326938488408,21.94795897165243,30.135171388581643,1.35,5.920428613188493,156.71278769544745,89.56791949189102
CMP_1808,Instagram,Fashion,Advanced,32.945358234270145,6,0.6482430121571316,33.58547449442515,47.825130839075506,1.65,8.256500858380766,233.87258709278146,95.0
CMP_1809,Instagram,Travel,High,147.63228742701807,3,0.8670598786402677,32.8659553239816,25.056736688665904,1.35,5.208399115003137,168.52925199817994,95.0
CMP_1810,Instagram,BFSI,High,145.82746374101308,8,0.5060765265838629,49.79133053188244,17.678356066476653,1.35,3.6010272275596873,224.7813556712088,95.0
CMP_1811,LinkedIn,Fashion,High,41.769132510238336,9,0.24505477027665523,31.676456749849685,35.02869158211608,1.35,6.043404528184037,193.33501690305476,69.77929725946677
CMP_1812,YouTube,Technology,High,12.998878824153898,5,0.5770413771143907,46.102137598181464,7.131812078169288,1.35,2.050786969280361,190.51547445453318,95.0
CMP_1813,Facebook,Healthcare,Medium,34.69639924996337,2,0.5248475378890619,11.416253279392677,3.485350040287194,1.0,1.7817252234513186,71.7133465819623,56.279557091014944
CMP_1814,Instagram,Technology,Low,33.78925609228465,2,0.12683588579202765,54.97929238017515,24.33471191734271,0.8,3.8391992371855994,221.48924619782267,95.0
CMP_1815,Instagram,FMCG,Medium,32.27497074094571,7,0.3249797478983225,37.65731509293341,29.033050243589447,1.0,4.977756215550602,193.65626368610154,84.81240687645689
CMP_1816,TikTok,Travel,High,31.243922487898633,17,0.29947479273660926,34.60658590542007,28.958495939134657,1.35,5.270269582821745,177.4962051422488,84.87695971276874
CMP_1817,Facebook,FMCG,Medium,32.36992281324441,10,0.3870934148974302,35.99289478380017,33.44671004080569,1.0,5.707297588466756,186.57930452434047,91.659673380227
CMP_1818,YouTube,E-commerce,High,40.07556140603828,12,0.4797651471802615,28.212414758827276,36.32963517579448,1.35,6.638806463033893,185.80852893304555,79.9680560457614
CMP_1819,LinkedIn,E-commerce,Medium,32.837367531687185,2,0.4874252077591217,36.19250638672118,3.0013472243394395,1.0,1.3568433602842116,155.3810833204887,94.13466981063058
CMP_1820,Facebook,FMCG,High,64.49953451154889,10,0.3942390542793222,30.412483630057807,65.57135813410676,1.35,10.792065414528397,224.70339449813437,77.6001227404044
CMP_1821,Instagram,Fashion,Low,72.84216468141352,20,0.29921229175326564,58.41420737597113,24.307619466438922,0.8,4.164912859904867,250.0,95.0
CMP_1822,Instagram,Technology,High,26.350412519504918,1,0.6254903417518153,26.00019369570494,45.84615357103108,1.35,8.179254816181922,183.7352553367351,73.76437388322806
CMP_1823,LinkedIn,FMCG,Medium,150.93544982363292,4,0.5733143722445362,22.834568911468722,23.662571502793014,1.0,4.773172274995058,142.71652710161268,74.72613107529031
CMP_1824,YouTube,E-commerce,Medium,24.92696523126023,13,0.5793342997314083,25.093431283761795,38.01738821687989,1.0,7.0639886561668135,177.13919044373242,84.52870559542261
CMP_1825,LinkedIn,FMCG,Medium,14.965678942179398,12,0.905802243866846,41.23651422760814,14.111199249389102,1.0,4.072228495116991,187.73440865672512,95.0
CMP_1826,X/Twitter,Fashion,High,74.04125642405494,11,0.5825748107079572,40.936804859121885,25.90140848767505,1.35,4.7970704087148945,198.00620677003576,95.0
CMP_1827,Instagram,FMCG,Medium,28.391036878050084,10,0.47666844554390014,7.275864175201921,8.34969547089012,1.0,2.751835910917393,76.1925863819432,49.5143934995682
CMP_1828,TikTok,Technology,Medium,70.60021406705853,15,0.5288388015157658,17.712343615720414,35.17647374377019,1.0,6.342000711186311,161.96567180823553,65.3487941927727
CMP_1829,YouTube,Healthcare,Advanced,7.981011191171189,5,0.5697638442359169,30.198914228051812,30.891554742220052,1.65,6.0478978491100515,181.1511788906404,89.34809141948361
CMP_1830,Facebook,Fashion,High,166.32850077200916,17,0.6731586696422729,57.06046941160789,24.88682408471803,1.35,4.362354583818857,234.4042390893391,95.0
CMP_1831,TikTok,E-commerce,Advanced,93.48815337843085,5,0.541055914631472,11.152912234021873,26.33250369658866,1.65,5.273005273658178,106.04570921819999,56.119794273191644
CMP_1832,LinkedIn,Technology,Medium,16.438378619882155,2,0.16141581989684278,51.65399754622038,20.60015964799827,1.0,3.6424483219307056,221.86263052029645,95.0
CMP_1833,X/Twitter,FMCG,Medium,16.72623259276501,9,0.4626503753501547,45.641966325882656,11.160519132080198,1.0,2.6695664527050966,197.13453170418956,95.0
CMP_1834,YouTube,FMCG,Advanced,208.05713370929843,6,0.5502986350726907,91.35066793363302,33.82364460126033,1.65,5.497171189864483,250.0,95.0
CMP_1835,YouTube,Healthcare,Medium,30.268152199066375,18,0.8108403131303297,36.46540770595095,20.76143955327426,1.0,4.519240369968974,192.7925744437694,95.0
CMP_1836,LinkedIn,E-commerce,High,28.01253590887856,14,0.3928208708107228,27.18969255874688,30.980374117404686,1.35,5.125575001512939,184.76274327074913,61.73245470629369
CMP_1837,Instagram,E-commerce,Medium,8.909858182421539,19,0.22294782787587425,11.579540293634942,12.428431486180463,1.0,2.6590177688550787,99.84113110954135,40.12950101294292
CMP_1838,Facebook,BFSI,Medium,41.23871235760124,14,0.5628754413121451,43.67738456128003,26.323196945205858,1.0,4.713217577505886,200.3460596737005,95.0
CMP_1839,TikTok,E-commerce,Low,45.50509547423525,8,0.7232473843017426,15.134673497451555,12.531404876069786,0.8,3.492452786837588,117.62637415482483,73.54352702526485
CMP_1840,Instagram,Healthcare,Medium,96.7755594532349,17,0.47131541171952085,64.46395401462652,20.63820022097285,1.0,3.951473873440747,250.0,95.0
CMP_1841,Facebook,Travel,Low,17.82741172792451,3,1.0,9.806477085992743,22.058982194047754,0.8,5.633732684763309,117.65570196716605,87.95686092608132
CMP_1842,Facebook,BFSI,Low,16.17991351128972,10,0.9794996131979279,9.096131913133693,26.075749174170117,0.8,5.939033635276634,127.52957289731,80.19125330339722
CMP_1843,Facebook,BFSI,Advanced,78.31742406614993,17,0.5355054570902166,25.3924908439107,12.323244071811654,1.65,2.725847059935137,136.49487081188636,81.3457510771426
CMP_1844,LinkedIn,FMCG,Medium,122.1664008717557,11,0.587342631366644,15.445272778566304,19.12458765152687,1.0,3.811040828348564,124.54186829274533,66.93582619913606
CMP_1845,TikTok,FMCG,High,15.534729324567802,8,0.8237462948417287,55.574946452823255,9.940068221372467,1.35,3.0059945693422576,228.5851022665011,95.0
CMP_1846,Instagram,E-commerce,High,129.69833696060817,1,0.532033054573974,61.84509083471735,8.453263726677253,1.35,1.4044570025700864,229.9368602566003,95.0
CMP_1847,Instagram,BFSI,High,56.262794510788275,13,0.3891822965492965,36.2339173624448,2.8389679907809855,1.35,1.7353666880889311,139.32287755641872,90.54709094087539
CMP_1848,Instagram,FMCG,Low,130.77055137211488,4,0.7277863812470524,21.97482706148311,26.895749576828884,0.8,5.884102956774528,156.51245722243036,85.6550881775695
CMP_1849,TikTok,Healthcare,High,51.61558753009393,7,0.6428825684870592,41.09369822013427,59.867188950706286,1.35,10.286250070901495,250.0,95.0
CMP_1850,LinkedIn,FMCG,High,7.258532446222915,14,0.3885310375968376,35.441537326491904,12.810042895391206,1.35,2.980454014011946,174.04465540870913,95.0
CMP_1851,Facebook,Fashion,High,48.34805986211125,5,0.6058328340499518,11.252914465974143,18.16160630512861,1.35,3.9250305829878998,87.27836613200648,65.18156235004281
CMP_1852,YouTube,Fashion,High,127.49983301827255,11,0.5179878962783444,47.04388970911886,19.843693619694875,1.35,4.143424155970267,188.9684102275749,95.0
CMP_1853,TikTok,FMCG,Advanced,26.709069376006735,17,0.4729808617315267,6.93375263948905,64.68173411169572,1.65,10.944292963043658,157.97395873541717,60.27976891153945
CMP_1854,YouTube,BFSI,High,40.029954040364714,5,0.39283207433323164,57.047582580856606,27.08455931676937,1.35,4.776812923790886,246.18682853260006,95.0
CMP_1855,TikTok,Travel,Medium,47.42232916267097,20,0.5742806223245098,23.149751833931813,12.684428832580494,1.0,3.283414280464228,108.6146442012082,85.84178514072946
CMP_1856,Facebook,Travel,High,5.367643020737883,3,0.4968285266221026,9.110996288128542,10.688742583735072,1.35,2.057956181492511,53.09877871312597,56.75165522240303
CMP_1857,YouTube,BFSI,Low,207.90433797979912,5,0.6069413153517458,33.09741539657944,42.9069742551483,0.8,7.7143006852593174,218.51310364193154,95.0
CMP_1858,X/Twitter,Technology,Advanced,26.546540983214317,15,0.7139675244129954,75.32105633637498,35.139843757991436,1.65,6.6945904949844595,250.0,95.0
CMP_1859,YouTube,Travel,Low,81.82545213273232,19,0.5963132738861795,31.84170485315264,26.644781602605676,0.8,5.08729629103052,186.62227507782686,84.42597450850774
CMP_1860,YouTube,Fashion,Medium,50.93952226298463,16,0.5997369198752652,19.148437927380762,34.017636885949855,1.0,6.240108121570288,139.10743637478924,77.57129084069311
CMP_1861,YouTube,Healthcare,High,149.3205362152206,8,0.44176458636650473,42.66221752187226,50.03649231276818,1.35,8.316424215737847,226.41612127538914,95.0
CMP_1862,LinkedIn,BFSI,High,75.55379340208286,13,0.7848712029029736,82.43771540062393,60.544511673613044,1.35,10.983818660890288,250.0,95.0
CMP_1863,Instagram,E-commerce,Medium,45.24357100358753,16,0.38029413580424665,42.69373656574551,18.31080842297912,1.0,3.489740742468133,177.07689500656525,87.21086463753922
CMP_1864,X/Twitter,Fashion,Medium,26.71400409872031,3,0.22760159963837429,30.61939803807048,40.04189579312288,1.0,7.307878459090371,186.62064314541817,71.14610628417276
CMP_1865,TikTok,Healthcare,Advanced,103.36646237995727,1,0.33580330387918267,67.12062081243009,12.267155990022232,1.65,2.229825093376287,247.02448057622576,95.0
CMP_1866,TikTok,Healthcare,Medium,12.197694480057185,9,0.7568527822865745,4.799379028980614,60.533999860637664,1.0,10.760216605215136,165.22309066697062,59.612810242299496
CMP_1867,Instagram,BFSI,Advanced,91.53416917881293,9,0.6417795640396549,22.460181464324922,22.46020366443701,1.65,4.921046576365176,160.25495196608156,80.90197288133521
CMP_1868,Instagram,Healthcare,Low,22.66369259275362,17,0.8123885245864113,8.332441730251244,10.232851876962197,0.8,3.0428303103022296,77.88486460523939,68.92813279410895
CMP_1869,Instagram,BFSI,High,148.6845473189168,2,0.2853896949666729,83.81057599289032,33.66312028593645,1.35,5.25619220189765,250.0,95.0
CMP_1870,YouTube,Travel,High,62.1182380439698,9,1.0,58.54040284405409,31.833596774871975,1.35,6.639581220529065,250.0,95.0
CMP_1871,YouTube,FMCG,Low,91.4048933049288,19,0.4932631629519294,17.183259124091265,3.9592063535278106,0.8,1.1840905198735052,76.68126767962154,64.56814943200784
CMP_1872,Instagram,Fashion,Medium,58.29935623765838,13,0.19793130631172173,38.18517265408837,14.645257857900315,1.0,2.3455918194077916,175.70466084600025,82.52982950343784
CMP_1873,X/Twitter,Technology,Low,13.438158695509713,5,0.9891566333951305,30.442770338735127,34.71928128435316,0.8,7.30235024286083,213.0029564956826,95.0
CMP_1874,YouTube,FMCG,High,27.423948631286013,9,0.2879795476921327,15.563042449332707,35.83550688086403,1.35,6.728293980768141,163.30320340074724,38.93137627831784
CMP_1875,YouTube,Fashion,Medium,93.49532827649753,13,0.47042085729655736,37.06820120351615,5.795333638490056,1.0,2.3308116817024245,157.91695561712933,93.35632482156574
CMP_1876,X/Twitter,BFSI,High,62.38498702547415,1,0.5088495519120668,25.921650152448215,64.30827481630949,1.35,10.481533535413874,210.30008265511503,80.83212709766795
CMP_1877,X/Twitter,Fashion,Low,140.44162531370313,15,0.6388166285000658,20.62321891153095,24.5840940992681,0.8,5.248946291260448,137.04409687965688,78.04545194144708
CMP_1878,X/Twitter,Travel,Medium,75.38585443342286,4,0.3917393048133272,18.158660494917992,12.590411046241657,1.0,2.562954119173297,101.9532416699422,60.955603664695595
CMP_1879,Facebook,BFSI,Low,25.194821753697823,4,0.7578626457551554,28.141253065398566,17.549829382401054,0.8,3.8871845081266176,145.4183987601618,95.0
CMP_1880,X/Twitter,FMCG,Medium,28.879981973076916,20,0.7007272339021486,17.427746645925254,39.52986894242992,1.0,7.306122161072276,161.0899271708392,77.84402010377106
CMP_1881,LinkedIn,E-commerce,High,59.28367140890198,10,0.5538133639560933,10.508662221744958,28.937492974934973,1.35,4.791803942539502,116.54044851161473,63.07441314271267
CMP_1882,TikTok,E-commerce,Advanced,8.57426047370934,6,0.8148658868922993,56.59245731411373,18.260037048962793,1.65,3.864526132959523,225.86160369840604,95.0
CMP_1883,LinkedIn,Fashion,High,208.25296288783863,12,0.5364286558323857,48.387242720824226,29.222705910456398,1.35,5.730183528553342,250.0,95.0
CMP_1884,YouTube,E-commerce,Medium,77.7421350556434,20,0.49487082929825865,18.203823887036194,29.21159070078806,1.0,5.780659009856611,144.72408436658256,72.57862908040563
CMP_1885,Instagram,BFSI,Advanced,145.71135986143457,16,0.9496205533317665,95.7135030868192,36.92963144347539,1.65,6.691682016795028,250.0,95.0
CMP_1886,X/Twitter,Healthcare,High,15.417709979595585,3,0.6091472084579777,75.46687379276227,33.665445453153616,1.35,6.705315814483521,250.0,95.0
CMP_1887,Instagram,BFSI,Advanced,147.76927849532856,14,0.3528697234414663,6.133385943910781,52.388765065940625,1.65,8.911639740182501,166.90178778987368,40.871640276842534
CMP_1888,Instagram,Healthcare,Medium,325.4468395065436,1,0.37994614396063864,56.19348931991244,1.210836499659867,1.0,0.8369281387155487,186.9922171720559,95.0
CMP_1889,YouTube,FMCG,Medium,18.97832077164864,10,0.5537916281305504,37.40985389760521,32.59153920978021,1.0,6.13281132412948,200.68611087707265,95.0
CMP_1890,TikTok,Technology,Low,101.2022951478742,15,0.07040034482752677,29.294739921248713,16.571928289572966,0.8,3.1717762010663786,140.84128747791172,52.128140898293644
CMP_1891,Instagram,Healthcare,High,54.64665230514528,7,0.4234021069569824,21.336192678049564,16.132502325367994,1.35,3.634470514066247,129.45050036124098,68.13829497284354
CMP_1892,Facebook,E-commerce,Low,15.870355283494012,4,0.5299212023066238,19.36731642888433,18.88889935798341,0.8,4.041402648633286,127.85625069291115,62.54041104457884
CMP_1893,YouTube,BFSI,Medium,80.98850066387465,14,0.5165604959364568,25.360976819884435,17.145914718093863,1.0,3.414887641509198,140.9500778282039,80.78111372849432
CMP_1894,Instagram,FMCG,Medium,106.36563696294571,16,0.2985113504513378,14.647555852234458,16.890913668727887,1.0,3.0076192706516056,101.43368642408254,50.326102767617726
CMP_1895,X/Twitter,E-commerce,High,33.75399422977545,14,0.46029684171202706,66.71986897490235,38.3840501145412,1.35,6.8879935698737595,250.0,95.0
CMP_1896,YouTube,FMCG,High,138.75825081670595,3,0.7859607794330772,33.90479267188342,8.852094214241573,1.35,3.062281014768497,153.62304328720367,95.0
CMP_1897,LinkedIn,Technology,Low,14.390802317668035,17,0.7446297660685776,32.75071898043769,32.69031622238537,0.8,6.741380240003891,203.824476138447,95.0
CMP_1898,Instagram,Travel,Medium,16.51377833150687,14,0.569123278945805,43.483429837973134,23.589687950127136,1.0,4.243254527013116,229.51944016369987,95.0
CMP_1899,Facebook,BFSI,High,60.902724833845134,18,0.5362180047218018,22.25482573513538,32.19261230862586,1.35,6.034815613073953,159.22731895143968,73.00783034461267
CMP_1900,YouTube,Fashion,Advanced,55.7182768001838,3,0.5176746503076209,25.36155507042146,16.970909116114516,1.65,3.7967713955848548,127.20306654274385,73.40736976406221
CMP_1901,X/Twitter,BFSI,High,30.77618600488086,19,0.5972620125189847,34.34619238006831,6.706830581659298,1.35,2.1278889765447793,142.30220217362915,84.65170524811231
CMP_1902,Instagram,Technology,Advanced,104.34216520092669,3,0.570513768934902,48.38422939703376,24.279203027866313,1.65,5.497510078266188,226.52748933277417,95.0
CMP_1903,YouTube,BFSI,High,83.48904714799772,12,0.6148281941742054,27.12812068884007,31.177831342892677,1.35,5.646938535972328,160.28894327192072,90.76544844690555
CMP_1904,Instagram,Fashion,High,108.47408068508267,5,0.6503588349877711,37.5446470481573,33.139535724202936,1.35,6.254787886423406,208.9135985482785,95.0
CMP_1905,YouTube,Healthcare,Low,49.476155760856685,10,0.30777850216255986,25.809111730695502,25.656883967963054,0.8,4.683372703150569,161.61785744293206,63.25623588214806
CMP_1906,Instagram,FMCG,High,88.41699606858427,9,0.48794626167705996,3.1956279751175303,5.206211123552859,1.35,2.015873978552177,40.7757743579551,43.90537771313447
CMP_1907,TikTok,Fashion,High,38.224617972118615,1,0.5895824819792397,45.29824538200049,39.78220409778978,1.35,7.0728850125977685,223.82613448085783,95.0
CMP_1908,Facebook,E-commerce,High,282.3238883360788,13,0.3568329846552915,35.20461391627493,33.072055427958034,1.35,5.600317887343249,217.55755081551385,89.72056102102786
CMP_1909,Facebook,Technology,Medium,28.501690003997762,3,0.4152357291281237,45.90230615715362,33.73195410372115,1.0,6.099879358184801,221.5286004931161,95.0
CMP_1910,Instagram,Healthcare,Medium,294.1935675048001,19,0.5064206584762861,23.043158170801828,6.83548251501309,1.0,2.177451165300073,129.39318913459317,70.73247942823392
CMP_1911,Facebook,E-commerce,Medium,56.1434688146218,11,0.5162330683526904,26.0096106654679,22.585745177942442,1.0,4.4479583703155035,159.01574316622077,82.14469927010042
CMP_1912,TikTok,E-commerce,Medium,18.166718902156255,16,0.5933205573782628,33.951207446294866,27.42318565885441,1.0,4.742143506789873,172.7236718224002,91.97954048783798
CMP_1913,TikTok,Technology,Low,163.11630604664458,6,0.3803938474084091,27.893005387609954,28.14060324696177,0.8,5.026194733763245,156.11533480452613,78.19653988915366
CMP_1914,Facebook,Healthcare,High,60.38381531761952,3,0.7436040909789469,60.40837309817673,25.851581300072592,1.35,5.849526648978472,250.0,95.0
CMP_1915,Facebook,Travel,Low,107.8670314926253,19,0.5145848218982346,26.08555054431449,12.422692750338115,0.8,3.0694070075822637,130.66970666215045,84.55761906825323
CMP_1916,YouTube,E-commerce,Low,145.341294933658,6,0.5790395403210801,19.193158867357212,29.21969959275433,0.8,5.308310159943054,147.4717396757238,78.52181841184856
CMP_1917,TikTok,E-commerce,Medium,71.54770595156211,8,0.4760335116637557,17.2091599983189,4.395993611293155,1.0,1.173854464729486,71.78672891384258,57.85495853148561
CMP_1918,X/Twitter,Healthcare,High,33.99479158311809,13,0.5971301500385027,27.342857607199715,33.4197685673886,1.35,6.49485830061948,192.78545913320434,87.1696142798425
CMP_1919,Facebook,BFSI,Medium,119.17234255160888,12,0.8842442318881261,46.07902985135401,29.15102520215994,1.0,6.003211833393959,223.88393661057881,95.0
CMP_1920,Facebook,E-commerce,Medium,54.63115945517084,10,0.4741762314774147,31.282646750114637,21.52845408713975,1.0,4.578191612943678,154.15357093363667,84.80040332178012
CMP_1921,LinkedIn,FMCG,High,94.50816707947106,3,0.4411007291160627,9.753303074934971,25.179334514597723,1.35,5.0528027838885565,111.74415619889126,56.89397638622745
CMP_1922,Instagram,Healthcare,Medium,9.747545804508992,4,0.3839688890044636,43.85025524499007,8.249603949538185,1.0,1.96075344591607,199.1149427142325,95.0
CMP_1923,LinkedIn,E-commerce,Advanced,78.06840063342929,1,0.5380756300633742,27.084757393106788,33.27992749983344,1.65,6.165649118036547,166.8454878134433,75.98322811166784
CMP_1924,Facebook,Technology,Advanced,32.75748022716532,13,0.535759263946057,89.91291459581781,17.114949311198615,1.65,3.7737197925277877,250.0,95.0
CMP_1925,YouTube,Fashion,Medium,204.92574822429034,4,0.5602886029196364,41.34610912828571,24.355581241532217,1.0,4.413858372660854,198.4187178737081,95.0
CMP_1926,Instagram,FMCG,Medium,89.87949945914777,11,0.6436511759472632,21.42086102008365,10.331627597779725,1.0,3.3489982492766206,143.30396956749752,78.68894776117672
CMP_1927,X/Twitter,Fashion,High,66.14744044925676,19,0.6184336214094812,64.0333940724088,18.820468748718863,1.35,4.209643598709646,250.0,95.0
CMP_1928,X/Twitter,Fashion,Low,80.56368540379684,11,0.5454957036934586,21.24577073560389,13.762705722358474,0.8,3.201307629258743,131.51550187551317,71.10788469875892
CMP_1929,LinkedIn,E-commerce,Medium,24.563149148026206,12,0.9407603136077825,42.56032119378726,49.97082968895179,1.0,9.673090910366815,249.52493220528535,95.0
CMP_1930,Instagram,FMCG,Medium,200.05760546926393,11,0.6881360568184144,61.704956330143695,17.469511662993536,1.0,4.088206545625007,250.0,95.0
CMP_1931,X/Twitter,FMCG,Advanced,268.5659035673881,6,0.33214801143186773,67.7709670725843,22.31075005846916,1.65,3.6845950002494434,250.0,95.0
CMP_1932,X/Twitter,BFSI,Low,74.76357554613762,12,0.24095960284754797,34.97155636723728,14.331672627510486,0.8,2.3900099270424553,163.6340338508392,80.85444089793961
CMP_1933,X/Twitter,Fashion,High,194.86808741545818,9,0.4108701748931166,56.00368949419016,16.405094596053996,1.35,2.6388008391418585,205.99466796713332,95.0
CMP_1934,LinkedIn,FMCG,High,34.62865231831213,10,0.5805316760100256,48.548825027190794,34.293790999609406,1.35,6.32495284609538,221.41660000602104,95.0
CMP_1935,LinkedIn,BFSI,Medium,28.85574616696868,3,0.39410006880644316,20.458151217694233,12.87809596156156,1.0,2.8856626073232317,114.0279243976276,71.18629073678123
CMP_1936,YouTube,Healthcare,Low,56.41526618875381,3,0.4244745510386896,27.825226770703907,4.124294805626615,0.8,1.4113448514194673,114.71337024746285,83.32780622483241
CMP_1937,Facebook,BFSI,Advanced,77.32001363570708,20,0.5552134077152969,47.76859552538079,41.493779419553285,1.65,6.9877954719964634,232.96509568100882,95.0
CMP_1938,YouTube,Technology,Medium,39.837578689579594,16,0.48160546822274464,52.00864468831849,24.434936498795828,1.0,4.4799307404375,216.72880958409894,95.0
CMP_1939,X/Twitter,Travel,High,83.94942652030416,3,0.14045985150630869,29.075604613233992,19.909819666153474,1.35,3.156743141456385,140.32685428597728,70.84128309310225
CMP_1940,Instagram,E-commerce,Medium,69.76354432064227,10,0.7654353056984775,28.26005081643984,47.48394702933402,1.0,8.913677173379208,228.83619428980128,95.0
CMP_1941,Instagram,Healthcare,Medium,24.56578398351988,11,0.7189913781813663,36.38880073736364,58.41613029140221,1.0,10.629948810779549,244.4083665425337,95.0
CMP_1942,Facebook,Travel,Medium,82.68468636474918,8,0.29297582833739355,18.61914080092198,13.317593305084754,1.0,1.7626787488875708,105.92453773462498,52.62903570297249
CMP_1943,YouTube,Travel,Low,108.94275862032714,6,0.5613782199315744,39.68084695861049,19.842592491686897,0.8,4.075498811566653,173.23588211360345,95.0
CMP_1944,YouTube,Healthcare,Low,62.62568228225529,20,0.32668969394266223,25.698263723144475,15.669804051379685,0.8,2.8226185095589873,123.42983849469206,67.07855564164088
CMP_1945,YouTube,Technology,High,137.29315848886264,11,0.42824068402900506,14.073585055070637,2.9206719646799275,1.35,1.2163772448667096,61.49516009364889,53.99532382900933
CMP_1946,X/Twitter,BFSI,Medium,20.616195684957262,12,0.6472305901710705,62.05375406219896,34.01222881094139,1.0,6.648919491813892,250.0,95.0
CMP_1947,Facebook,E-commerce,Low,79.38904113086664,16,0.7120094234800106,11.706860392012233,8.276620783384898,0.8,2.5156593986167315,94.87280138825606,57.36502669108056
CMP_1948,Instagram,BFSI,Medium,21.40823015729141,18,0.707328587829233,22.910016717954303,14.39072103032786,1.0,3.778593123225699,141.08690774939635,88.72580594185854
CMP_1949,Facebook,FMCG,High,22.39269777247051,13,0.5989678408199907,28.92891366157448,11.713462525466618,1.35,3.552364839124777,155.91846848135143,88.16991939026431
CMP_1950,Facebook,BFSI,Low,32.95870232338791,3,0.8050411472864891,13.763057988649733,4.568549081168446,0.8,2.1602932362817575,79.13950994954362,82.69993691286653
CMP_1951,Instagram,Healthcare,High,25.696424382612605,15,0.42788766011412366,23.098883679925684,19.13342907211144,1.35,3.6606845689089456,133.58075403685748,68.0272499081089
CMP_1952,Instagram,E-commerce,Low,35.21962110313073,14,0.47227416726214044,12.697302745829386,7.756691797719013,0.8,2.0362240954110167,72.07342322423693,66.04688358158876
CMP_1953,X/Twitter,BFSI,Low,46.001764361165655,18,0.03107442335093158,4.4028589314888,27.411541808519413,0.8,4.889977390359865,118.829842399583,16.282442341490434
CMP_1954,YouTube,E-commerce,Low,106.66825408535267,14,0.5313886964336624,36.048135749089184,9.626151894045972,0.8,2.3566668411115894,145.17743745403862,95.0
CMP_1955,TikTok,E-commerce,High,42.22754651205762,5,0.6659386928073139,15.695841069547853,19.69476561974869,1.35,4.72708269752487,115.2065903600143,68.59021708793705
CMP_1956,TikTok,FMCG,Low,15.3558949260968,14,0.6070519224017803,27.49072375468458,3.737377970056712,0.8,1.7639391615874043,139.67580526145778,88.14403377833551
CMP_1957,LinkedIn,FMCG,Low,135.91834176334228,8,0.42519592935133005,18.91647958736634,1.6694337859511512,0.8,1.15188772091009,89.52447552525189,65.23036617802588
CMP_1958,Facebook,Healthcare,Medium,27.947503994973133,15,0.7189051212629072,31.59273027358728,40.71181361352441,1.0,7.793078560406153,214.33465078607622,95.0
CMP_1959,LinkedIn,Technology,High,52.09263928792981,15,0.5352338495240948,23.286953514043816,22.73424934935404,1.35,4.368792162599448,141.4710550417239,80.83948070981057
CMP_1960,YouTube,Travel,Medium,78.04060011411664,19,0.7032853424017402,23.842995820147742,25.4113855675839,1.0,5.51303498981227,150.79185081588372,85.15176540280179
CMP_1961,Instagram,E-commerce,Medium,64.0515568425264,20,0.6472299370212526,8.263331445902443,20.87610137255485,1.0,4.342832803027711,90.01935637016,66.89903524467009
CMP_1962,Facebook,Technology,Low,131.01916864319384,6,0.8349017917806056,19.37089543805635,17.193521906308398,0.8,3.928271537667654,133.87798179155533,82.30023716956339
CMP_1963,YouTube,Travel,Medium,80.0941257326656,19,0.6178726725132409,25.270980485982566,42.25639295260269,1.0,7.879212533398762,192.63720078422998,84.65125303594385
CMP_1964,Facebook,Travel,High,27.41121774172549,8,0.6719885345868564,62.53655847629312,5.614924592016785,1.35,2.3693114957831893,248.0715210651907,95.0
CMP_1965,X/Twitter,Healthcare,High,311.9521277048229,6,0.5346565822589794,8.922251713559461,81.20519897084652,1.35,13.07425946399255,215.56186523383425,43.49492446845301
CMP_1966,X/Twitter,Travel,Medium,63.78172904111195,20,0.44942196998420114,49.465062969288105,19.32477569511878,1.0,4.143387081089775,223.8857050324638,95.0
CMP_1967,Instagram,Travel,Medium,48.527362722675264,15,0.648146441512073,52.42943699017518,6.796310170130933,1.0,2.0204268529608087,212.01028522615144,95.0
CMP_1968,Facebook,E-commerce,Low,118.05378650419759,3,0.8505461395079419,19.893369093779114,21.224995592578555,0.8,5.011707671096968,145.19160333550212,89.33793476748015
CMP_1969,Facebook,E-commerce,Medium,66.65704595186165,10,0.42682387041540387,14.803959734201666,28.616915192841034,1.0,4.638373671716131,123.87693323499681,63.31268615587281
CMP_1970,Instagram,Fashion,Low,75.14221773013881,15,0.5003727342424825,17.779465367750902,28.325310015988862,0.8,5.13275825472446,131.6921075896686,68.82948399620443
CMP_1971,Instagram,Technology,High,400.9141036022196,16,0.5553300870435349,48.47586467416308,35.591366142657876,1.35,6.196701022328517,222.86653669662022,95.0
CMP_1972,YouTube,BFSI,Advanced,43.81178553791357,17,0.6869792619883428,8.734914231412233,22.16151511654428,1.65,4.320404578165978,91.70392385057735,60.63909949292776
CMP_1973,Facebook,FMCG,Advanced,42.34249894156217,19,0.6190915965776325,22.870822407780373,29.61346805292922,1.65,5.687556966465966,171.3351825845687,79.33652668552955
CMP_1974,X/Twitter,BFSI,Advanced,59.93512993627852,11,0.73261263128668,57.937981657332905,26.66517580923575,1.65,5.564618084837361,250.0,95.0
CMP_1975,Facebook,Technology,High,128.66507991641433,16,0.9447818951282292,64.32035237101076,53.20527473512487,1.35,10.05479304779235,250.0,95.0
CMP_1976,TikTok,FMCG,High,16.358911191084996,5,0.4222197380027608,18.034573188037214,10.460204685104191,1.35,2.413974292499371,115.0884378423608,58.40921379484573
CMP_1977,Facebook,BFSI,Medium,11.331146787487942,5,0.671945795629078,35.485604970055,43.03387664154478,1.0,7.928231775618082,217.11779458427583,95.0
CMP_1978,Facebook,Fashion,High,34.13447202553244,14,0.6141279556374342,49.71156503955044,13.989869340275211,1.35,2.9898024872899667,212.08998953235044,95.0
CMP_1979,TikTok,FMCG,Medium,14.773892942754246,18,0.55380804348559,54.3584492130273,33.19590224398516,1.0,5.822923007560031,250.0,95.0
CMP_1980,YouTube,E-commerce,Medium,38.86658647436898,8,0.6712170447353567,33.595010616120554,39.807855947600146,1.0,7.30826728624913,214.55746365211584,95.0
CMP_1981,Instagram,BFSI,High,81.61391357262619,5,0.49663939592031753,12.116273821238451,1.1624514429358253,1.35,0.9048145723488196,77.82424454092543,62.243059500978454
CMP_1982,YouTube,FMCG,Medium,26.773187201743102,7,0.6146091463293974,22.253431028497722,37.09695072340864,1.0,6.795424222592951,173.03155233139557,80.06283354960199
CMP_1983,X/Twitter,Fashion,Medium,17.436029714435243,16,0.28894151405721025,36.793197863946695,5.009262938720411,1.0,1.134270011484919,124.94320998596922,76.61984080642588
CMP_1984,X/Twitter,Travel,Advanced,57.712265776554716,14,0.4422369443788355,33.09913989747892,52.54643219925533,1.65,8.71888062913326,237.03209896695893,86.89205010184494
CMP_1985,Instagram,FMCG,Low,108.8569666241901,5,0.7595041628219527,22.440933780478314,7.7647127207167586,0.8,2.184381339287005,121.55918184517293,95.0
CMP_1986,Instagram,FMCG,Medium,14.069667643235471,9,0.7518165965208842,29.977257178615606,31.337537057977876,1.0,5.690618610008152,175.1758534603732,95.0
CMP_1987,YouTube,Fashion,Advanced,105.23394492482518,4,0.601886659343637,17.37543981286494,30.58876424788112,1.65,5.576979373418506,133.1747897299406,61.20371099193342
CMP_1988,X/Twitter,Travel,High,104.98788504644796,4,0.4593900491220509,47.17915822219233,23.127041419563714,1.35,3.9898075017289414,210.6511648844063,95.0
CMP_1989,Facebook,BFSI,Medium,117.12808524978595,16,0.7150531659369886,16.74083363770292,7.023596342472079,1.0,1.6963326361267796,78.5856983440696,85.70111575103118
CMP_1990,YouTube,Healthcare,Medium,144.71758765497398,17,0.7972974762993276,26.27567277576807,14.372438137911129,1.0,3.895232404705421,154.99870452208833,95.0
CMP_1991,YouTube,BFSI,Medium,317.86003352120565,15,0.4675266260217975,22.77442714346654,41.79820263924338,1.0,7.496182850550271,176.76718830452182,80.49018917035568
CMP_1992,Instagram,Travel,Advanced,41.06377562062413,4,0.2589960626696369,45.373899772361845,8.491178790387739,1.65,2.054227637098624,171.7806022984559,87.16138197477564
CMP_1993,LinkedIn,Technology,High,59.60010072354768,6,0.6398269850908039,9.068990968322042,24.32534555849673,1.35,4.885147560818953,112.47363489630746,60.000515916127604
CMP_1994,Instagram,Fashion,Medium,39.12842767781477,16,0.7327536554814887,82.43136505143785,25.995401376803095,1.0,5.3154059395438455,250.0,95.0
CMP_1995,YouTube,BFSI,Low,54.6845639991879,4,0.6674967052676154,17.52566389316125,28.13354147279947,0.8,5.584807941759995,147.76320320630086,64.79147378826727
CMP_1996,LinkedIn,FMCG,Low,186.1027023518233,6,0.8630158394459881,21.046137971665697,7.8827226586896995,0.8,2.712051615284046,102.83819251598806,93.21183178960325
CMP_1997,TikTok,Fashion,Advanced,18.615385437445887,5,0.8638601331056288,45.7380171656554,55.44743739538088,1.65,9.492057657756598,250.0,95.0
CMP_1998,Instagram,E-commerce,Medium,27.416917839855966,16,0.4889205406706333,33.64601004577705,10.416250396130462,1.0,2.8965209077275724,173.56167925559907,88.5715843039351
CMP_1999,Instagram,Travel,High,164.30833419092878,16,0.5897988771154239,64.74713921147364,46.781714529040734,1.35,8.201159215438736,250.0,95.0
CMP_2000,Facebook,BFSI,Low,123.47382688132593,10,0.4506930315973912,24.943950990894503,28.68807922773146,0.8,5.190464076268064,156.05385614072623,72.77207920051596
